<?xml version="1.0" encoding="UTF-8"?>
<!-- Produced by Beyond Compare 3 from Scooter Software -->
<BCCommands>
	<TDataCompareCommands>
		<Toolbars>
			<SessionsBar Value="TopDock;;;0"/>
			<DisplayFiltersBar Value="TopDock;;;1"/>
			<EditBar Value="TopDock;;;2"/>
			<SearchBar Value="TopDock;;;3"/>
			<ViewBar Value="TopDock;;;4"/>
		</Toolbars>
	</TDataCompareCommands>
	<TDirCompareCommands>
		<Toolbars>
			<SessionsBar Value="TopDock;;;0"/>
			<DisplayFiltersBar Value="TopDock;;;1"/>
			<ActionsBar Value="TopDock;;;2"/>
			<EditBar Value="TopDock;;;3"/>
			<FileFiltersBar Value="TopDock;;;4"/>
		</Toolbars>
	</TDirCompareCommands>
	<THexCompareCommands>
		<Toolbars>
			<SessionsBar Value="TopDock;;;0"/>
			<DisplayFiltersBar Value="TopDock;;;1"/>
			<SearchBar Value="TopDock;;;2"/>
			<ViewBar Value="TopDock;;;3"/>
		</Toolbars>
	</THexCompareCommands>
	<TMP3CompareCommands>
		<Toolbars>
			<SessionsBar Value="TopDock;;;0"/>
			<DisplayFiltersBar Value="TopDock;;;1"/>
			<EditBar Value="TopDock;;;2"/>
			<SearchBar Value="TopDock;;;3"/>
			<ViewBar Value="TopDock;;;4"/>
		</Toolbars>
	</TMP3CompareCommands>
	<TPixCompareCommands>
		<Toolbars>
			<SessionsBar Value="TopDock;;;0"/>
			<DisplayFiltersBar Value="TopDock;;;1"/>
			<EditBar Value="TopDock;;;2"/>
			<ViewBar Value="TopDock;;;3"/>
		</Toolbars>
	</TPixCompareCommands>
	<TRegCompareCommands>
		<Toolbars>
			<SessionsBar Value="TopDock;;;0"/>
			<DisplayFiltersBar Value="TopDock;;;1"/>
			<EditBar Value="TopDock;;;2"/>
			<SearchBar Value="TopDock;;;3"/>
			<ViewBar Value="TopDock;;;4"/>
		</Toolbars>
	</TRegCompareCommands>
	<TTextCompareCommands>
		<Toolbars>
			<SessionsBar Value="TopDock;;;299;152;13"/>
			<DisplayFiltersBar Value="TopDock;;;394;752;94"/>
			<EditBar Value="TopDock;;;131;146;13"/>
			<SearchBar Value="TopDock;;;220;124;10"/>
			<ViewBar Value="TopDock;;;0"/>
		</Toolbars>
	</TTextCompareCommands>
	<TTextEditCommands>
		<Toolbars>
			<SessionsBar Value="TopDock;;;0"/>
			<StandardBar Value="TopDock;;;1"/>
		</Toolbars>
	</TTextEditCommands>
	<TTextMergeCommands>
		<Toolbars>
			<SessionsBar Value="TopDock;;;0"/>
			<DisplayFiltersBar Value="TopDock;;;1"/>
			<EditBar Value="TopDock;;;2"/>
			<SearchBar Value="TopDock;;;3"/>
			<ViewBar Value="TopDock;;;4"/>
		</Toolbars>
	</TTextMergeCommands>
	<TVerCompareCommands>
		<Toolbars>
			<SessionsBar Value="TopDock;;;0"/>
			<DisplayFiltersBar Value="TopDock;;;1"/>
			<EditBar Value="TopDock;;;2"/>
			<SearchBar Value="TopDock;;;3"/>
			<ViewBar Value="TopDock;;;4"/>
		</Toolbars>
	</TVerCompareCommands>
</BCCommands>
