<?xml version="1.0" encoding="UTF-8"?>
<!-- Produced by Beyond Compare 3 from Scooter Software -->
<BCSessions>
	<TSessionFolder>
		<Items>
			<TSessionFolder>
				<Items>
					<TDirCompareSession Value="Pro26_Sakura">
						<LastModified Value="2024-04-19 17:27:55"/>
						<Specs>
							<Left Value="E:\UnityPro_Git\Pro26_Sakura"/>
							<Right Value="D:\UnityPro_Git\Pro26_Sakura"/>
						</Specs>
						<State>
							<DisplayFilter Value="[showLeftAdded, showRightAdded, showLeftChanged, showRightChanged, showConflict]"/>
						</State>
					</TDirCompareSession>
					<TTextCompareSession Value="main.js">
						<LastModified Value="2024-02-01 18:10:52"/>
						<Specs>
							<Left Value="D:\UnityPro_Git\Pro35_BaoKeMeng\Export\Oppo\Game1\quickgame_Normal\main.js"/>
							<Right Value="D:\UnityPro_Git\Pro35_BaoKeMeng\Export\Oppo\Game2\quickgame_Normal\main.js"/>
						</Specs>
					</TTextCompareSession>
					<TTextCompareSession Value="AnimationState.cs">
						<LastModified Value="2024-01-20 18:30:12"/>
						<Specs>
							<Left Value="D:\UnityPro_Git\Pro32_PVE_BT2\Pro32_PVE_BT2\Assets\DragonBones\Scripts\animation\AnimationState.cs"/>
							<Right Value="D:\AZURE\UnityPlugins\UnityPlugin_Dragon\Assets\DragonBones\Scripts\animation\AnimationState.cs"/>
						</Specs>
					</TTextCompareSession>
					<TDirCompareSession Value="Scripts">
						<Filters>
							<NameFilter Value="-*.meta"/>
						</Filters>
						<LastModified Value="2024-01-20 18:08:25"/>
						<Specs>
							<Left Value="D:\UnityPro_Git\Pro32_PVE_BT2\Pro32_PVE_BT2\Assets\DragonBones\Scripts"/>
							<Right Value="D:\AZURE\UnityPlugins\UnityPlugin_Dragon\Assets\DragonBones\Scripts"/>
						</Specs>
						<State>
							<DisplayFilter Value="[showLeftAdded, showRightAdded, showLeftChanged, showRightChanged, showConflict]"/>
						</State>
					</TDirCompareSession>
					<TTextCompareSession Value="OppoAD.jslib">
						<LastModified Value="2024-01-15 16:23:32"/>
						<Specs>
							<Left Value="D:\UnityPro_Git\Pro26_Sakura\P26_Sakura\Assets\Plugins\OppoAD.jslib"/>
							<Right Value="D:\飞书_下载\OppoAD.jslib"/>
						</Specs>
					</TTextCompareSession>
					<TDirCompareSession Value="Borodar">
						<Filters>
							<NameFilter Value="-*.meta"/>
						</Filters>
						<LastModified Value="2024-01-05 18:34:49"/>
						<Specs>
							<Left Value="D:\AZURE\UnityPlugins\My project\Assets\Plugins\Borodar"/>
							<Right Value="D:\UnityPro_Git\Pro28_ZhangYuRobot\ctopus Robot Car Wala Games\Assets\Plugins\Borodar"/>
						</Specs>
						<State>
							<DisplayFilter Value="[showLeftAdded, showRightAdded, showLeftChanged, showRightChanged, showConflict]"/>
						</State>
					</TDirCompareSession>
					<TTextCompareSession Value="OppoAD.jslib">
						<LastModified Value="2023-12-19 15:28:54"/>
						<Specs>
							<Left Value="D:\UnityPro_Git\Pro26_Sakura\P26_Sakura\Assets\Plugins\OppoAD.jslib"/>
							<Right Value="D:\UnityPro_Git\Pro18_AnimeSchool_Oppo\Pro18_AnimeSchoolGirl_4G\Assets\Plugins\OppoAD.jslib"/>
						</Specs>
					</TTextCompareSession>
					<TTextCompareSession Value="OppoAD.jslib">
						<LastModified Value="2023-12-16 15:15:28"/>
						<Specs>
							<Left Value="D:\工作\Untiy打RPK包\Oppo\Oppo_版本2_激励视频不到时间直接方奖励\OppoAD.jslib"/>
							<Right Value="D:\UnityPro_Git\Pro26_Sakura\P26_Sakura\Assets\Plugins\OppoAD.jslib"/>
						</Specs>
					</TTextCompareSession>
					<THexCompareSession Value="com.zy.zjgqk.vivominigame.signed.rpk">
						<LastModified Value="2023-10-24 18:33:29"/>
						<Specs>
							<Left Value="D:\工作\com.zy.zjgqk.vivominigame.signed.rpk"/>
							<Right Value="D:\UnityPro_Git\HeiBaiGangQinKuai\Export\VIVO\webgl_vivo_Normal\dist\com.zy.zjgqk.vivominigame.signed.rpk"/>
						</Specs>
					</THexCompareSession>
					<TTextCompareSession Value="Editor - 副本.log %3C--%3E Editor - 副本_运行异常退出后.log">
						<LastModified Value="2023-10-23 14:39:14"/>
						<Specs>
							<Left Value="D:\UnityPro_Git\Pro26_Sakura\异常退出\Editor - 副本.log"/>
							<Right Value="D:\UnityPro_Git\Pro26_Sakura\异常退出\Editor - 副本_运行异常退出后.log"/>
						</Specs>
					</TTextCompareSession>
					<TTextCompareSession Value="ES2BlankObject.prefab">
						<LastModified Value="2023-10-20 18:44:36"/>
						<Specs>
							<Left Value="D:\UnityPro_Git\Pro26_Sakura\P26_Sakura\Assets\Resources\es2\ES2BlankObject.prefab"/>
							<Right Value="D:\Unity2017_SakuraProject\Assets\Resources\es2\ES2BlankObject.prefab"/>
						</Specs>
					</TTextCompareSession>
					<TDirCompareSession Value="SakuraScripts %3C--%3E Scripts">
						<Filters>
							<NameFilter Value="-*.meta"/>
						</Filters>
						<LastModified Value="2023-10-13 17:03:18"/>
						<Specs>
							<Left Value="D:\樱花原版反编译工程和代码\SakuraScripts"/>
							<Right Value="D:\SakuraProject\Assets\Scripts"/>
						</Specs>
					</TDirCompareSession>
					<TTextCompareSession Value="weeklyTasks.txt">
						<LastModified Value="2023-09-26 19:34:11"/>
						<Specs>
							<Left Value="C:\Users\Administrator\Downloads\weeklyTasks.txt"/>
							<Right Value="D:\UnityPro_Git\Pro25_ShenMiaoRunner\Pro25_ShenMiaoRunner\Assets\Resources\text\task\weeklyTasks.txt"/>
						</Specs>
					</TTextCompareSession>
					<TTextCompareSession Value="english_locale.txt">
						<LastModified Value="2023-09-26 17:15:15"/>
						<Specs>
							<Left Value="D:\UnityPro_Git\Pro25_ShenMiaoRunner\Pro25_ShenMiaoRunner\Assets\Resources\text\english_locale.txt"/>
							<Right Value="C:\Users\Administrator\Downloads\english_locale.txt"/>
						</Specs>
					</TTextCompareSession>
					<TTextCompareSession Value="Achievements.txt %3C--%3E Achievements - 副本.txt">
						<LastModified Value="2023-09-26 11:28:10"/>
						<Specs>
							<Left Value="D:\UnityPro_Git\Pro25_ShenMiaoRunner\Pro25_ShenMiaoRunner\Assets\Resources\text\task\Achievements.txt"/>
							<Right Value="C:\Users\Administrator\Downloads\Achievements - 副本.txt"/>
						</Specs>
					</TTextCompareSession>
					<TTextCompareSession Value="UIAtlasMaker.cs">
						<LastModified Value="2023-09-25 18:38:07"/>
						<Specs>
							<Left Value="D:\UnityPro_Git\Pro25_ShenMiaoRunner\Pro25_ShenMiaoRunner\Assets\NGUI\Scripts\Editor\UIAtlasMaker.cs"/>
							<Right Value="C:\Users\Administrator\Downloads\UIAtlasMaker.cs"/>
						</Specs>
					</TTextCompareSession>
					<TTextCompareSession Value="OppoAD.jslib">
						<LastModified Value="2023-09-22 10:27:57"/>
						<Specs>
							<Left Value="D:\工作\Untiy打RPK包\Oppo\Oppo_Jslib文件\OppoAD.jslib"/>
							<Right Value="D:\工作\Untiy打RPK包\Oppo\OppoAD.jslib"/>
						</Specs>
					</TTextCompareSession>
					<TTextCompareSession Value="AimBehaviour_瞄准.cs %3C--%3E AimBehaviour.cs">
						<LastModified Value="2023-09-20 18:04:32"/>
						<Specs>
							<Left Value="D:\UnityPro_Git\Pro20_SurvivalBattleChiJi\Export\脚本\AimBehaviour_瞄准.cs"/>
							<Right Value="D:\UnityPro_Git\Pro20_SurvivalBattleChiJi\Pro20_SurvivalBattleground\Assets\ThirthPersonController\Scripts\PlayerScripts\AimBehaviour.cs"/>
						</Specs>
					</TTextCompareSession>
					<TDirCompareSession Value="Spine">
						<LastModified Value="2023-09-14 20:43:01"/>
						<Specs>
							<Left Value="D:\UnityPro_Git\Pro24_DragonBallMatchMan\Pro24_DragonBallMatchMan\Assets\Scripts\Spine"/>
							<Right Value="D:\Spine_plugin\Assets\Scripts\Spine"/>
						</Specs>
					</TDirCompareSession>
					<TTextCompareSession Value="Animation.cs">
						<LastModified Value="2023-09-14 20:28:50"/>
						<Specs>
							<Left Value="D:\spine3_5\Assets\spine-csharp\Animation.cs"/>
							<Right Value="D:\UnityPro_Git\Pro24_DragonBallMatchMan\Pro24_DragonBallMatchMan\Assets\Scripts\Spine\Animation.cs"/>
						</Specs>
					</TTextCompareSession>
					<TDirCompareSession Value="Spine">
						<LastModified Value="2023-09-14 20:17:50"/>
						<Specs>
							<Left Value="D:\UnityPro_Git\Pro24_DragonBallMatchMan\Pro24_DragonBallMatchMan\Assets\Scripts\Spine"/>
						</Specs>
					</TDirCompareSession>
					<TDirCompareSession Value="Spine">
						<Filters>
							<NameFilter Value="-*.meta"/>
						</Filters>
						<LastModified Value="2023-09-14 20:17:50"/>
						<Specs>
							<Left Value="D:\UnityPro_Git\Pro24_DragonBallMatchMan\Pro24_DragonBallMatchMan\Assets\Scripts\Spine"/>
							<Right Value="D:\Spine_plugin\Assets\Scripts\Spine"/>
						</Specs>
					</TDirCompareSession>
					<TDirCompareSession Value="Scripts %3C--%3E Spine">
						<Filters>
							<NameFilter Value="-*.meta"/>
						</Filters>
						<LastModified Value="2023-09-14 19:57:01"/>
						<Specs>
							<Left Value="D:\Spine_plugin\Assets\Scripts"/>
							<Right Value="D:\UnityPro_Git\Pro24_DragonBallMatchMan\Pro24_DragonBallMatchMan\Assets\Scripts\Spine"/>
						</Specs>
					</TDirCompareSession>
					<TTextCompareSession Value="VivoAD.jslib">
						<LastModified Value="2023-05-10 16:00:23"/>
						<Specs>
							<Left Value="E:\Unity\Unity_Runner_YuanShiRen\UnityPro_Runner_YuanShiRen\Assets\Plugins\VivoAD.jslib"/>
							<Right Value="E:\Unity\Untiy打RPK包\放入Unity\加qg提示的\VivoAD.jslib"/>
						</Specs>
					</TTextCompareSession>
					<TTextCompareSession Value="网格压缩后.txt %3C--%3E 网格压缩前.txt">
						<LastModified Value="2023-04-24 17:03:54"/>
						<Specs>
							<Left Value="E:\Unity\Unity_Runner_YuanShiRen\Export\网格压缩后.txt"/>
							<Right Value="E:\Unity\Unity_Runner_YuanShiRen\Export\网格压缩前.txt"/>
						</Specs>
					</TTextCompareSession>
					<TTextCompareSession Value="CHANGELOG.md">
						<LastModified Value="2023-04-21 14:15:27"/>
						<Specs>
							<Left Value="E:\Unity\Export\VIVO-GAME-SDK_V5\CHANGELOG.md"/>
							<Right Value="E:\Unity\Export\VIVO-GAME-SDK_V6\CHANGELOG.md"/>
						</Specs>
					</TTextCompareSession>
					<TTextCompareSession Value="PlayerPrefs.cs">
						<LastModified Value="2023-04-21 14:15:23"/>
						<Specs>
							<Left Value="E:\Unity\Export\VIVO-GAME-SDK_V5\PlayerPrefs.cs"/>
							<Right Value="E:\Unity\Export\VIVO-GAME-SDK_V6\PlayerPrefs.cs"/>
						</Specs>
					</TTextCompareSession>
					<TDirCompareSession Value="VIVO-GAME-SDK_V5 %3C--%3E VIVO-GAME-SDK_V6">
						<LastModified Value="2023-04-21 14:14:14"/>
						<Specs>
							<Left Value="E:\Unity\Export\VIVO-GAME-SDK_V5"/>
							<Right Value="E:\Unity\Export\VIVO-GAME-SDK_V6"/>
						</Specs>
					</TDirCompareSession>
					<TDirCompareSession Value="webgl_vivo">
						<LastModified Value="2023-04-11 16:57:50"/>
						<Specs>
							<Left Value="E:\Unity\UnityProject_Web\Pro07_FengKuangPaoTia\Export\v27\webgl_vivo"/>
							<Right Value="E:\Unity\UnityProject_Web\Pro07_FengKuangPaoTia\Export\v28\webgl_vivo"/>
						</Specs>
					</TDirCompareSession>
					<TTextCompareSession Value="webgl.wasm.framework.unityweb">
						<LastModified Value="2023-04-11 16:57:23"/>
						<Specs>
							<Left Value="E:\Unity\UnityProject_Web\Pro07_FengKuangPaoTia\Export\v28\webgl_vivo\buildUnity\webgl.wasm.framework.unityweb"/>
							<Right Value="E:\Unity\UnityProject_Web\Pro07_FengKuangPaoTia\Export\v27\webgl_vivo\buildUnity\webgl.wasm.framework.unityweb"/>
						</Specs>
					</TTextCompareSession>
					<TDirCompareSession Value="quickgame %3C--%3E quickgame_Normal">
						<LastModified Value="2023-04-04 19:32:01"/>
						<Specs>
							<Left Value="E:\Unity\UnityProject_Web\Pro06_BusSubway\Export\Oppo\quickgame"/>
							<Right Value="E:\Unity\UnityProject_Web\Pro06_BusSubway\Export\Oppo\quickgame_Normal"/>
						</Specs>
					</TDirCompareSession>
					<TDirCompareSession Value="quickgame %3C--%3E quickgame_V2">
						<LastModified Value="2023-04-04 16:50:17"/>
						<Specs>
							<Left Value="E:\Unity\UnityProject_Web\Pro06_BusSubway\Export\Oppo\quickgame"/>
							<Right Value="E:\Unity\UnityProject_Web\Pro06_BusSubway\Export\Oppo\quickgame_V2"/>
						</Specs>
					</TDirCompareSession>
					<TDirCompareSession Value="quickgame %3C--%3E quickgame_BACK">
						<LastModified Value="2023-04-04 16:46:35"/>
						<Specs>
							<Left Value="E:\Unity\UnityProject_Web\Pro06_BusSubway\Export\Oppo\quickgame"/>
							<Right Value="E:\Unity\UnityProject_Web\Pro06_BusSubway\Export\Oppo\quickgame_BACK"/>
						</Specs>
					</TDirCompareSession>
					<TDirCompareSession Value="Audios">
						<LastModified Value="2023-04-01 17:33:17"/>
						<Specs>
							<Left Value="E:\Unity\UnityProject_Web\Pro06_BusSubway\BusSubwayMultiplayerSale_2019\Assets\ResourcesGame\Audios"/>
							<Right Value="E:\下载\飞书下载\Audios\Audios"/>
						</Specs>
						<State>
							<DisplayFilter Value="[showLeftAdded, showRightAdded, showLeftChanged, showRightChanged, showConflict]"/>
						</State>
					</TDirCompareSession>
					<TTextCompareSession Value="Editor.log">
						<LastModified Value="2023-04-01 17:22:17"/>
						<Specs>
							<Left Value="E:\Unity\UnityProject_Web\Pro06_BusSubway\Export\v16\Editor.log"/>
							<Right Value="E:\Unity\UnityProject_Web\Pro06_BusSubway\Export\v15_减模型面数之前\Editor.log"/>
						</Specs>
					</TTextCompareSession>
					<TDirCompareSession Value="webgl_vivo">
						<LastModified Value="2023-03-27 14:27:33"/>
						<Specs>
							<Left Value="E:\Unity\UnityProject_Web\Pro01_SnakeRacing\ExportWeb\v15\webgl_vivo"/>
							<Right Value="E:\Unity\UnityProject_Web\Pro01_SnakeRacing\ExportWeb\v1\webgl_vivo"/>
						</Specs>
						<State>
							<DisplayFilter Value="[showLeftAdded, showRightAdded, showLeftChanged, showRightChanged, showConflict]"/>
						</State>
					</TDirCompareSession>
					<TDirCompareSession Value="webgl_vivo">
						<LastModified Value="2023-03-27 14:02:27"/>
						<Specs>
							<Left Value="E:\Unity\UnityProject_Web\Pro01_SnakeRacing\ExportWeb\V12\webgl_vivo"/>
							<Right Value="E:\Unity\UnityProject_Web\Pro01_SnakeRacing\ExportWeb\v1\webgl_vivo"/>
						</Specs>
						<State>
							<DisplayFilter Value="[showLeftAdded, showRightAdded, showLeftChanged, showRightChanged, showConflict]"/>
						</State>
					</TDirCompareSession>
					<TDirCompareSession Value="Texture2D">
						<LastModified Value="2023-03-24 17:07:26"/>
						<Specs>
							<Left Value="E:\Unity\UnityProject_Web\Pro02_VirtualContructionMachine\Assets\Texture2D"/>
							<Right Value="E:\Unity\WebGL_VirtualConstrcutionMachine_2019\Assets\Texture2D"/>
						</Specs>
						<State>
							<DisplayFilter Value="[showLeftAdded, showRightAdded, showLeftChanged, showRightChanged, showConflict]"/>
						</State>
					</TDirCompareSession>
					<TDirCompareSession Value="AudioClip">
						<LastModified Value="2023-03-24 17:04:10"/>
						<Specs>
							<Left Value="E:\Unity\WebGL_VirtualConstrcutionMachine_2019\Assets\AudioClip"/>
							<Right Value="E:\Unity\UnityProject_Web\Pro02_VirtualContructionMachine\Assets\AudioClip"/>
						</Specs>
						<State>
							<DisplayFilter Value="[showLeftAdded, showRightAdded, showLeftChanged, showRightChanged, showConflict]"/>
						</State>
					</TDirCompareSession>
					<TDirCompareSession Value="Mesh">
						<LastModified Value="2023-03-24 17:02:51"/>
						<Specs>
							<Left Value="E:\Unity\WebGL_VirtualConstrcutionMachine_2019\Assets\Mesh"/>
							<Right Value="E:\Unity\UnityProject_Web\Pro02_VirtualContructionMachine\Assets\Mesh"/>
						</Specs>
						<State>
							<DisplayFilter Value="[showLeftAdded, showRightAdded, showLeftChanged, showRightChanged, showConflict]"/>
						</State>
					</TDirCompareSession>
					<TDirCompareSession Value="webgl_vivo">
						<LastModified Value="2023-03-24 09:14:34"/>
						<Specs>
							<Left Value="E:\Unity\UnityProject_Web\Pro03_WordsCollector\Export\v12\webgl_vivo"/>
							<Right Value="E:\Unity\UnityProject_Web\Pro03_WordsCollector\Export\v1\webgl_vivo"/>
						</Specs>
						<State>
							<DisplayFilter Value="[showLeftAdded, showRightAdded, showLeftChanged, showRightChanged, showConflict]"/>
						</State>
					</TDirCompareSession>
					<TDirCompareSession Value="webgl_vivo">
						<LastModified Value="2023-03-24 09:13:49"/>
						<Specs>
							<Left Value="E:\Unity\UnityProject_Web\Pro03_WordsCollector\Export\v8\webgl_vivo"/>
							<Right Value="E:\Unity\UnityProject_Web\Pro03_WordsCollector\Export\v1\webgl_vivo"/>
						</Specs>
						<State>
							<DisplayFilter Value="[showLeftAdded, showRightAdded, showLeftChanged, showRightChanged, showConflict]"/>
						</State>
					</TDirCompareSession>
					<TDirCompareSession Value="webgl_vivo">
						<LastModified Value="2023-03-23 18:16:47"/>
						<Specs>
							<Left Value="E:\Unity\UnityProject_Web\Pro03_WordsCollector\Export\v1\webgl_vivo"/>
							<Right Value="E:\Unity\UnityProject_Web\Pro03_WordsCollector\Export\v3\webgl_vivo"/>
						</Specs>
					</TDirCompareSession>
					<TDirCompareSession Value="src">
						<LastModified Value="2023-03-23 16:05:41"/>
						<Specs>
							<Left Value="E:\Unity\UnityProject_Web\Pro03_WordsCollector\Export\v1\webgl_vivo\src"/>
							<Right Value="E:\Unity\UnityProject_Web\Pro01_SnakeRacing\ExportWeb\v1\webgl_vivo\src"/>
						</Specs>
					</TDirCompareSession>
					<TTextCompareSession Value="UnityAdController.cs">
						<LastModified Value="2023-03-23 15:19:01"/>
						<Specs>
							<Left Value="E:\Unity\UnityProject_Web\Pro01_SnakeRacing\Snaky_Race_1\Assets\_Snaky_Race\Scripts\Controllers\UnityAdController.cs"/>
							<Right Value="E:\Unity\UnityProject_Web\Pro03_WordsCollector\Words_Collector\Assets\_Words_Collector\Scripts\Controllers\UnityAdController.cs"/>
						</Specs>
					</TTextCompareSession>
					<TTextCompareSession Value="AdManager.cs">
						<LastModified Value="2023-03-23 14:53:25"/>
						<Specs>
							<Left Value="E:\Unity\UnityProject_Web\Pro01_SnakeRacing\Snaky_Race_1\Assets\_Snaky_Race\Scripts\Managers\AdManager.cs"/>
							<Right Value="E:\Unity\UnityProject_Web\Pro03_WordsCollector\Words_Collector\Assets\_Words_Collector\Scripts\Managers\AdManager.cs"/>
						</Specs>
					</TTextCompareSession>
					<TDirCompareSession Value="webgl_vivo">
						<LastModified Value="2023-03-23 10:56:14"/>
						<Specs>
							<Left Value="E:\Unity\UnityProject_Web\ExportWeb\v1\webgl_vivo"/>
							<Right Value="E:\Unity\UnityProject_Web\ExportWeb\v38\webgl_vivo"/>
						</Specs>
					</TDirCompareSession>
					<TDirCompareSession Value="webgl_vivo">
						<LastModified Value="2023-03-23 10:06:42"/>
						<Specs>
							<Left Value="E:\Unity\UnityProject_Web\ExportWeb\v1\webgl_vivo"/>
							<Right Value="E:\Unity\UnityProject_Web\ExportWeb\v35\webgl_vivo"/>
						</Specs>
						<State>
							<DisplayFilter Value="[showLeftAdded, showRightAdded, showLeftChanged, showRightChanged, showConflict]"/>
						</State>
					</TDirCompareSession>
					<TDirCompareSession Value="webgl_vivo">
						<LastModified Value="2023-03-23 09:53:01"/>
						<Specs>
							<Left Value="E:\Unity\UnityProject_Web\ExportWeb\v1\webgl_vivo"/>
							<Right Value="E:\Unity\UnityProject_Web\ExportWeb\V34\webgl_vivo"/>
						</Specs>
						<State>
							<DisplayFilter Value="[showLeftAdded, showRightAdded, showLeftChanged, showRightChanged, showConflict]"/>
						</State>
					</TDirCompareSession>
					<TDirCompareSession Value="webgl_vivo">
						<LastModified Value="2023-03-23 09:12:52"/>
						<Specs>
							<Left Value="E:\Unity\UnityProject_Web\ExportWeb\v1\webgl_vivo"/>
							<Right Value="E:\Unity\UnityProject_Web\ExportWeb\v31\webgl_vivo"/>
						</Specs>
					</TDirCompareSession>
					<TDirCompareSession Value="webgl_vivo">
						<LastModified Value="2023-03-22 19:21:09"/>
						<Specs>
							<Left Value="E:\Unity\UnityProject_Web\ExportWeb\v1\webgl_vivo"/>
							<Right Value="E:\Unity\UnityProject_Web\ExportWeb\v30\webgl_vivo"/>
						</Specs>
					</TDirCompareSession>
					<TDirCompareSession Value="webgl_vivo">
						<LastModified Value="2023-03-22 19:05:48"/>
						<Specs>
							<Left Value="E:\Unity\UnityProject_Web\ExportWeb\v1\webgl_vivo"/>
							<Right Value="E:\Unity\UnityProject_Web\ExportWeb\v29\webgl_vivo"/>
						</Specs>
					</TDirCompareSession>
					<TDirCompareSession Value="src">
						<LastModified Value="2023-03-22 18:59:06"/>
						<Specs>
							<Left Value="E:\Unity\UnityProject_Web\ExportWeb\v1\webgl_vivo\src"/>
							<Right Value="E:\Unity\UnityProject_Web\ExportWeb\v1\src"/>
						</Specs>
					</TDirCompareSession>
					<TDirCompareSession Value="src">
						<LastModified Value="2023-03-22 18:40:26"/>
						<Specs>
							<Left Value="E:\Unity\Untiy打RPK包\放入导出Web中的\src"/>
							<Right Value="E:\Unity\UnityProject_Web\ExportWeb\v1\webgl_vivo\src"/>
						</Specs>
					</TDirCompareSession>
					<TDirCompareSession Value="webgl_vivo">
						<LastModified Value="2023-03-22 18:31:45"/>
						<Specs>
							<Left Value="E:\Unity\UnityProject_Web\ExportWeb\v1\webgl_vivo"/>
							<Right Value="E:\Unity\UnityProject_Web\ExportWeb\v21\webgl_vivo"/>
						</Specs>
						<State>
							<DisplayFilter Value="[showLeftAdded, showRightAdded, showLeftChanged, showRightChanged, showConflict]"/>
						</State>
					</TDirCompareSession>
					<TDirCompareSession Value="webgl_vivo">
						<LastModified Value="2023-03-22 14:21:01"/>
						<Specs>
							<Left Value="E:\Unity\UnityProject_Web\Pro01_SnakeRacing\ExportWeb\v1\webgl_vivo"/>
							<Right Value="E:\Unity\UnityProject_Web\ExportWeb\v20\webgl_vivo"/>
						</Specs>
						<State>
							<DisplayFilter Value="[showLeftAdded, showRightAdded, showLeftChanged, showRightChanged, showConflict]"/>
						</State>
					</TDirCompareSession>
					<TDirCompareSession Value="webgl_vivo">
						<LastModified Value="2023-03-22 14:18:38"/>
						<Specs>
							<Left Value="E:\Unity\UnityProject_Web\Pro01_SnakeRacing\ExportWeb\v1\webgl_vivo"/>
							<Right Value="E:\Unity\UnityProject_Web\ExportWeb\v18\webgl_vivo"/>
						</Specs>
						<State>
							<DisplayFilter Value="[showLeftAdded, showRightAdded, showLeftChanged, showRightChanged, showConflict]"/>
						</State>
					</TDirCompareSession>
					<TDirCompareSession Value="webgl_vivo">
						<LastModified Value="2023-03-21 16:12:06"/>
						<Specs>
							<Left Value="E:\Unity\UnityProject_Web\Pro01_SnakeRacing\ExportWeb\v1\webgl_vivo"/>
							<Right Value="E:\Unity\UnityProject_Web\Pro01_SnakeRacing\ExportWeb\v9\webgl_vivo"/>
						</Specs>
						<State>
							<DisplayFilter Value="[showLeftAdded, showRightAdded, showLeftChanged, showRightChanged, showConflict]"/>
						</State>
					</TDirCompareSession>
					<TDirCompareSession Value="webgl_vivo">
						<LastModified Value="2023-03-21 13:46:25"/>
						<Specs>
							<Left Value="E:\Unity\UnityProject_Web\Pro01_SnakeRacing\ExportWeb\v1\webgl_vivo"/>
							<Right Value="E:\Unity\UnityProject_Web\Pro01_SnakeRacing\ExportWeb\v8\webgl_vivo"/>
						</Specs>
						<State>
							<DisplayFilter Value="[showLeftAdded, showRightAdded, showLeftChanged, showRightChanged, showConflict]"/>
						</State>
					</TDirCompareSession>
					<TDirCompareSession Value="webgl_vivo">
						<LastModified Value="2023-03-20 19:14:45"/>
						<Specs>
							<Left Value="E:\Unity\UnityProject_Web\ExportWeb\v1\webgl_vivo"/>
							<Right Value="E:\Unity\UnityProject_Web\ExportWeb\v15\webgl_vivo"/>
						</Specs>
						<State>
							<DisplayFilter Value="[showLeftAdded, showRightAdded, showLeftChanged, showRightChanged, showConflict]"/>
						</State>
					</TDirCompareSession>
					<TDirCompareSession Value="webgl_vivo">
						<LastModified Value="2023-03-20 19:14:09"/>
						<Specs>
							<Left Value="E:\Unity\UnityProject_Web\ExportWeb\v1\webgl_vivo"/>
							<Right Value="E:\Unity\UnityProject_Web\ExportWeb\v13\webgl_vivo"/>
						</Specs>
						<State>
							<DisplayFilter Value="[showLeftAdded, showRightAdded, showLeftChanged, showRightChanged, showConflict]"/>
						</State>
					</TDirCompareSession>
					<TDirCompareSession Value="webgl_vivo">
						<LastModified Value="2023-03-20 18:54:39"/>
						<Specs>
							<Left Value="E:\Unity\UnityProject_Web\ExportWeb\v1\webgl_vivo"/>
							<Right Value="E:\Unity\UnityProject_Web\ExportWeb\v7\webgl_vivo"/>
						</Specs>
						<State>
							<DisplayFilter Value="[showLeftAdded, showRightAdded, showLeftChanged, showRightChanged, showConflict]"/>
						</State>
					</TDirCompareSession>
					<TTextCompareSession Value="v6_unity.loader.js %3C--%3E webgl.json">
						<LastModified Value="2023-03-20 16:59:45"/>
						<Specs>
							<Left Value="E:\Unity\UnityProject_Web\Pro01_SnakeRacing\ExportWeb\v6_unity\Build\v6_unity.loader.js"/>
							<Right Value="E:\Unity\UnityProject_Web\Pro01_SnakeRacing\ExportWeb\v1\webgl_vivo\buildUnity\webgl.json"/>
						</Specs>
					</TTextCompareSession>
					<TDirCompareSession Value="webgl_vivo">
						<LastModified Value="2023-03-20 14:55:13"/>
						<Specs>
							<Left Value="E:\Unity\UnityProject_Web\ExportWeb\v1\webgl_vivo"/>
							<Right Value="E:\Unity\UnityProject_Web\ExportWeb\v6\webgl_vivo"/>
						</Specs>
						<State>
							<DisplayFilter Value="[showLeftAdded, showRightAdded, showLeftChanged, showRightChanged, showConflict]"/>
						</State>
					</TDirCompareSession>
					<TDirCompareSession Value="webgl_vivo">
						<LastModified Value="2023-03-20 14:15:12"/>
						<Specs>
							<Left Value="E:\Unity\UnityProject_Web\ExportWeb\v1\webgl_vivo"/>
							<Right Value="E:\Unity\UnityProject_Web\ExportWeb\v5\webgl_vivo"/>
						</Specs>
					</TDirCompareSession>
					<TDirCompareSession Value="webgl_vivo">
						<LastModified Value="2023-03-18 18:35:46"/>
						<Specs>
							<Left Value="E:\Unity\UnityProject_Web\Pro01_SnakeRacing\ExportWeb\v5\webgl_vivo"/>
							<Right Value="E:\Unity\UnityProject_Web\Pro01_SnakeRacing\ExportWeb\v1\webgl_vivo"/>
						</Specs>
					</TDirCompareSession>
					<TDirCompareSession Value="webgl_vivo">
						<LastModified Value="2023-03-18 18:31:07"/>
						<Specs>
							<Left Value="E:\Unity\UnityProject_Web\Pro01_SnakeRacing\ExportWeb\v4\webgl_vivo"/>
							<Right Value="E:\Unity\UnityProject_Web\Pro01_SnakeRacing\ExportWeb\v1\webgl_vivo"/>
						</Specs>
					</TDirCompareSession>
					<TDirCompareSession Value="webgl_vivo">
						<LastModified Value="2023-03-18 18:06:44"/>
						<Specs>
							<Left Value="E:\Unity\UnityProject_Web\Pro01_SnakeRacing\ExportWeb\v3\webgl_vivo"/>
							<Right Value="E:\Unity\UnityProject_Web\Pro01_SnakeRacing\ExportWeb\v1\webgl_vivo"/>
						</Specs>
					</TDirCompareSession>
					<TTextCompareSession Value="VivoAD.jslib %3C--%3E VivoAD (1).jslib">
						<LastModified Value="2023-03-18 17:54:07"/>
						<Specs>
							<Left Value="E:\Unity\UnityProject_Web\Pro01_SnakeRacing\Snaky_Race_1\Assets\Plugins\VivoAD.jslib"/>
							<Right Value="E:\Unity\Untiy打RPK包\放入Unity\v3_2023年3月18日 171944\VivoAD (1).jslib"/>
						</Specs>
					</TTextCompareSession>
					<TTextCompareSession Value="VivoAdAdapter.cs">
						<LastModified Value="2023-03-18 17:52:58"/>
						<Specs>
							<Left Value="E:\Unity\UnityProject_Web\Pro01_SnakeRacing\Snaky_Race_1\Assets\Scripts\VivoAdAdapter.cs"/>
							<Right Value="E:\Unity\Untiy打RPK包\放入Unity\v3_2023年3月18日 171944\VivoAdAdapter.cs"/>
						</Specs>
					</TTextCompareSession>
					<TTextCompareSession Value="manifest.json">
						<LastModified Value="2023-03-18 16:03:32"/>
						<Specs>
							<Left Value="E:\Unity\UnityProject_Web\Pro01_SnakeRacing\ExportWeb\v1\webgl_vivo\src\manifest.json"/>
							<Right Value="E:\Unity\Untiy打RPK包\放入导出Web中的\manifest.json"/>
						</Specs>
					</TTextCompareSession>
					<TTextCompareSession Value="manifest.json">
						<LastModified Value="2023-03-17 17:41:58"/>
						<Specs>
							<Left Value="E:\Unity\Normal_v1\webgl_vivo\src\manifest.json"/>
							<Right Value="E:\Unity\Untiy打RPK包\src\src\manifest.json"/>
						</Specs>
					</TTextCompareSession>
					<TTextCompareSession Value="VivoAD.jslib">
						<LastModified Value="2023-03-17 16:15:05"/>
						<Specs>
							<Left Value="E:\Unity\Pencil%26Snacky\Pencil_Race_1\Assets\Plugins\VivoAD.jslib"/>
							<Right Value="E:\文档\UnityRpk\VivoAD.jslib"/>
						</Specs>
					</TTextCompareSession>
					<TDirCompareSession Value="Assets">
						<LastModified Value="2023-03-17 16:00:44"/>
						<Specs>
							<Left Value="E:\Unity\Pencil%26Snacky\Pencil_Race_1\Assets"/>
							<Right Value="E:\Unity\Pro01_PencilRace\Assets"/>
						</Specs>
					</TDirCompareSession>
					<TTextCompareSession Value="PlatformOppo.ts">
						<LastModified Value="2023-03-17 14:29:27"/>
						<Specs>
							<Left Value="E:\Laya_Project\Laya_2.13\Grenade\Grenade_Laya\src\gf\base\ad\platform\PlatformOppo.ts"/>
							<Right Value="E:\Laya_Project\Oppo_自渲染\PlatformOppo.ts"/>
						</Specs>
					</TTextCompareSession>
					<TTextCompareSession Value="PlatformOppo.ts">
						<LastModified Value="2023-03-17 14:08:06"/>
						<Specs>
							<Left Value="E:\Laya_Project\Laya_2.13\Grenade\Grenade_Laya\src\gf\base\ad\platform\PlatformOppo.ts"/>
							<Right Value="E:\Laya_Project\Laya_2.13\PlatformOppo.ts"/>
						</Specs>
					</TTextCompareSession>
					<THexCompareSession Value="com.ws.csxfd.nearme.gamecenter.signed_Second.rpk %3C--%3E com.ws.csxfd.nearme.gamecenter_First.rpk">
						<LastModified Value="2023-03-16 14:41:06"/>
						<Specs>
							<Left Value="E:\工作\项目7_雪崩\com.ws.csxfd.nearme.gamecenter.signed_Second.rpk"/>
							<Right Value="E:\工作\项目7_雪崩\com.ws.csxfd.nearme.gamecenter_First.rpk"/>
						</Specs>
					</THexCompareSession>
					<TDirCompareSession Value="release">
						<LastModified Value="2023-03-16 13:42:55"/>
						<Specs>
							<Left Value="E:\Laya_Project\TEST\release"/>
							<Right Value="E:\Laya_Project\Laya_2.13\Laya_TravelChina\TravelChina_Laya\sign\release"/>
						</Specs>
					</TDirCompareSession>
					<TDirCompareSession Value="V60 %3C--%3E V55">
						<LastModified Value="2023-03-16 10:32:55"/>
						<Specs>
							<Left Value="E:\Laya_Project\LayaApk_Gradle\V60"/>
							<Right Value="E:\Laya_Project\LayaApk_Gradle\V55"/>
						</Specs>
						<State>
							<DisplayFilter Value="[showLeftAdded, showRightAdded, showLeftChanged, showRightChanged, showConflict]"/>
						</State>
					</TDirCompareSession>
					<TDirCompareSession Value="V57 %3C--%3E V55">
						<LastModified Value="2023-03-16 10:25:47"/>
						<Specs>
							<Left Value="E:\Laya_Project\LayaApk_Gradle\V57"/>
							<Right Value="E:\Laya_Project\LayaApk_Gradle\V55"/>
						</Specs>
						<State>
							<DisplayFilter Value="[showLeftAdded, showRightAdded, showLeftChanged, showRightChanged, showConflict]"/>
						</State>
					</TDirCompareSession>
					<TDirCompareSession Value="V59 %3C--%3E V55">
						<LastModified Value="2023-03-16 10:14:23"/>
						<Specs>
							<Left Value="E:\Laya_Project\LayaApk_Gradle\V59"/>
							<Right Value="E:\Laya_Project\LayaApk_Gradle\V55"/>
						</Specs>
						<State>
							<DisplayFilter Value="[showLeftAdded, showRightAdded, showLeftChanged, showRightChanged, showConflict]"/>
						</State>
					</TDirCompareSession>
					<TDirCompareSession Value="V56 %3C--%3E V55">
						<LastModified Value="2023-03-16 10:09:55"/>
						<Specs>
							<Left Value="E:\Laya_Project\LayaApk_Gradle\V56"/>
							<Right Value="E:\Laya_Project\LayaApk_Gradle\V55"/>
						</Specs>
						<State>
							<DisplayFilter Value="[showLeftAdded, showRightAdded, showLeftChanged, showRightChanged, showConflict]"/>
						</State>
					</TDirCompareSession>
					<TTextCompareSession Value="AndroidManifest.xml">
						<LastModified Value="2023-03-16 10:09:47"/>
						<Specs>
							<Left Value="E:\Laya_Project\LayaApk_Gradle\V58\Grenade\android_studio\app\src\main\AndroidManifest.xml"/>
							<Right Value="E:\Laya_Project\LayaApk_Gradle\V55\Grenade\android_studio\app\src\main\AndroidManifest.xml"/>
						</Specs>
					</TTextCompareSession>
					<TDirCompareSession Value="V58 %3C--%3E V55">
						<LastModified Value="2023-03-16 10:00:23"/>
						<Specs>
							<Left Value="E:\Laya_Project\LayaApk_Gradle\V58"/>
							<Right Value="E:\Laya_Project\LayaApk_Gradle\V55"/>
						</Specs>
						<State>
							<DisplayFilter Value="[showLeftAdded, showRightAdded, showLeftChanged, showRightChanged, showConflict]"/>
						</State>
					</TDirCompareSession>
					<TTextCompareSession Value="AndroidManifest.xml">
						<LastModified Value="2023-03-16 09:54:00"/>
						<Specs>
							<Left Value="E:\Laya_Project\LayaApk_Gradle\V57\Grenade\android_studio\app\src\main\AndroidManifest.xml"/>
							<Right Value="E:\Laya_Project\LayaApk_Gradle\V55\Grenade\android_studio\app\src\main\AndroidManifest.xml"/>
						</Specs>
					</TTextCompareSession>
					<TTextCompareSession Value="AndroidManifest.xml">
						<LastModified Value="2023-03-16 09:29:43"/>
						<Specs>
							<Left Value="E:\Laya_Project\LayaApk_Gradle\V56\Grenade\android_studio\app\src\main\AndroidManifest.xml"/>
							<Right Value="E:\Laya_Project\LayaApk_Gradle\V55\Grenade\android_studio\app\src\main\AndroidManifest.xml"/>
						</Specs>
					</TTextCompareSession>
					<TDirCompareSession Value="ExportedProject_01_Mouse - 副本 %3C--%3E ExportedProject_01_Mouse">
						<LastModified Value="2023-03-15 17:09:45"/>
						<Specs>
							<Left Value="E:\Laya_Project\Unity_PoJie\ExportedProject_01_Mouse - 副本"/>
							<Right Value="E:\Laya_Project\Unity_PoJie\ExportedProject_01_Mouse"/>
						</Specs>
						<State>
							<DisplayFilter Value="[showLeftAdded, showRightAdded, showLeftChanged, showRightChanged, showConflict]"/>
						</State>
					</TDirCompareSession>
					<TDirCompareSession Value="V51 %3C--%3E V50">
						<LastModified Value="2023-03-15 15:49:32"/>
						<Specs>
							<Left Value="E:\Laya_Project\LayaApk_Gradle\V51"/>
							<Right Value="E:\Laya_Project\LayaApk_Gradle\V50"/>
						</Specs>
						<State>
							<DisplayFilter Value="[showLeftAdded, showRightAdded, showLeftChanged, showRightChanged, showConflict]"/>
						</State>
					</TDirCompareSession>
					<TDirCompareSession Value="Conventional">
						<LastModified Value="2023-03-14 15:48:23"/>
						<Specs>
							<Left Value="E:\Laya_Project\Laya_2.13\Laya_TravelChina\TravelChina_Laya\bin\scenes\Conventional"/>
							<Right Value="E:\Laya_Project\Laya_2.13\Laya_TravelChina\TravelChina_Laya\bin\scenes\UnityScenes\LayaScene_GameMain\Conventional"/>
						</Specs>
						<State>
							<DisplayFilter Value="[showLeftAdded, showRightAdded, showLeftChanged, showRightChanged, showConflict]"/>
						</State>
					</TDirCompareSession>
					<TDirCompareSession Value="Conventional">
						<LastModified Value="2023-03-14 15:47:40"/>
						<Specs>
							<Left Value="E:\Laya_Project\Laya_2.13\Laya_TravelChina\TravelChina_Laya\bin\entities\Conventional"/>
							<Right Value="E:\Laya_Project\Laya_2.13\Laya_TravelChina\TravelChina_Laya\bin\scenes\UnityScenes\LayaScene_Player\Conventional"/>
						</Specs>
						<State>
							<DisplayFilter Value="[showLeftAdded, showRightAdded, showLeftChanged, showRightChanged, showConflict]"/>
						</State>
					</TDirCompareSession>
					<TTextCompareSession Value="PlatformOppo.ts">
						<LastModified Value="2023-03-14 14:57:17"/>
						<Specs>
							<Left Value="E:\Laya_Project\Laya_2.13\Laya_TravelChina\TravelChina_Laya\src\gf\base\ad\platform\PlatformOppo.ts"/>
							<Right Value="E:\Laya_Project\Laya_2.13\PlatformOppo.ts"/>
						</Specs>
					</TTextCompareSession>
					<TDirCompareSession Value="Conventional">
						<LastModified Value="2023-03-14 11:30:50"/>
						<Specs>
							<Left Value="E:\Laya_Project\Laya_2.13\Laya_TravelChina\TravelChina_Laya\bin\scenes\UnityScenes\LayaScene_ShopMenuScene\Conventional"/>
							<Right Value="E:\Laya_Project\Laya_2.13\Laya_TravelChina\TravelChina_Laya\bin\scenes\Conventional"/>
						</Specs>
						<State>
							<DisplayFilter Value="[showLeftAdded, showRightAdded, showLeftChanged, showRightChanged, showConflict]"/>
						</State>
					</TDirCompareSession>
					<TDirCompareSession Value="Conventional">
						<LastModified Value="2023-03-14 10:59:39"/>
						<Specs>
							<Left Value="E:\Laya_Project\Laya_2.13\Laya_TravelChina\TravelChina_Laya\bin\scenes\UnityScenes\LayaScene_Player\Conventional"/>
							<Right Value="E:\Laya_Project\Laya_2.13\Laya_TravelChina\TravelChina_Laya\bin\entities\Conventional"/>
						</Specs>
						<State>
							<DisplayFilter Value="[showLeftAdded, showRightAdded, showLeftChanged, showRightChanged, showConflict]"/>
						</State>
					</TDirCompareSession>
					<TDirCompareSession Value="Conventional">
						<LastModified Value="2023-03-13 17:15:58"/>
						<Specs>
							<Left Value="E:\Laya_Project\Laya_2.13\Laya_TravelChina\TravelChina_Laya\bin\scenes\UnityScenes\LayaScene_Player_1\Conventional"/>
							<Right Value="E:\Laya_Project\Laya_2.13\Laya_TravelChina\TravelChina_Laya\bin\entities\Conventional"/>
						</Specs>
					</TDirCompareSession>
					<TDirCompareSession Value="Conventional">
						<LastModified Value="2023-03-10 15:43:40"/>
						<Specs>
							<Left Value="E:\Laya_Project\Laya_2.13\Laya_TravelChina\TravelChina_Laya\bin\scenes\UnityScenes\LayaScene_GameMain\Conventional"/>
							<Right Value="E:\Laya_Project\Laya_2.13\Laya_TravelChina\TravelChina_Laya\bin\scenes\Conventional"/>
						</Specs>
						<State>
							<DisplayFilter Value="[showLeftAdded, showRightAdded, showLeftChanged, showRightChanged, showConflict]"/>
							<SortCol Value="colModified"/>
							<SortSide Value="dsRight"/>
						</State>
					</TDirCompareSession>
					<TDirCompareSession Value="Grenade">
						<LastModified Value="2023-03-10 13:42:33"/>
						<Specs>
							<Left Value="E:\Laya_Project\LayaApk_Gradle\V44\Grenade"/>
							<Right Value="E:\Laya_Project\LayaApk_Gradle\V41\Grenade"/>
						</Specs>
						<State>
							<SortCol Value="colModified"/>
							<SortSide Value="dsRight"/>
						</State>
					</TDirCompareSession>
					<TDirCompareSession Value="Grenade">
						<LastModified Value="2023-03-10 10:41:05"/>
						<Specs>
							<Left Value="E:\Laya_Project\LayaApk_Gradle\V42\Grenade"/>
							<Right Value="E:\Laya_Project\LayaApk_Gradle\V41\Grenade"/>
						</Specs>
						<State>
							<SortCol Value="colModified"/>
							<SortSide Value="dsRight"/>
						</State>
					</TDirCompareSession>
					<TDirCompareSession Value="Conventional">
						<LastModified Value="2023-03-09 14:27:53"/>
						<Specs>
							<Left Value="E:\Laya_Project\Laya_2.13\Grenade\Grenade_Laya\bin\scenes\UnityExport\LayaScene_GameMain\Conventional"/>
							<Right Value="E:\Laya_Project\Laya_2.13\Grenade\Grenade_Laya\bin\scenes\Conventional"/>
						</Specs>
						<State>
							<DisplayFilter Value="[showLeftAdded, showRightAdded, showLeftChanged, showRightChanged, showConflict]"/>
							<SortCol Value="colModified"/>
							<SortSide Value="dsRight"/>
						</State>
					</TDirCompareSession>
					<TDirCompareSession Value="libs">
						<LastModified Value="2023-03-09 13:54:38"/>
						<Specs>
							<Left Value="E:\Laya_Project\Laya_2.13\Laya_TravelChina\TravelChina_Laya\bin\libs"/>
							<Right Value="E:\Laya_Project\Laya_2.13\Grenade\Grenade_Laya\bin\libs"/>
						</Specs>
						<State>
							<SortCol Value="colModified"/>
							<SortSide Value="dsRight"/>
						</State>
					</TDirCompareSession>
					<TDirCompareSession Value="MengHe_Laya %3C--%3E Grenade_Laya">
						<LastModified Value="2023-03-06 11:05:43"/>
						<Specs>
							<Left Value="E:\Laya_Project\Laya_2.13\Laya_MengHe\MengHe_Laya"/>
							<Right Value="E:\Laya_Project\Laya_2.13\Grenade\Grenade_Laya"/>
						</Specs>
						<State>
							<SortCol Value="colModified"/>
							<SortSide Value="dsRight"/>
						</State>
					</TDirCompareSession>
				</Items>
			</TSessionFolder>
			<TDirCompareSession>
				<State>
					<DisplayFilter Value="[showLeftAdded, showRightAdded, showLeftChanged, showRightChanged, showConflict]"/>
				</State>
			</TDirCompareSession>
		</Items>
	</TSessionFolder>
</BCSessions>
