<?xml version="1.0" encoding="UTF-8"?>
<!-- Produced by Beyond Compare 3 from Scooter Software -->
<BCState>
	<TBcState>
		<FirstStartup Value="False"/>
		<FormPosStr Value="105;241;1538;1032"/>
	</TBcState>
	<TBrowseState>
		<FormPosStr Value="699;341;1222;884"/>
	</TBrowseState>
	<TCheckForUpdatesState>
		<Build Value="13298"/>
		<FormPosStr Value="526;298;913;571"/>
		<LastChecked Value="2011-04-28 14:21:40"/>
	</TCheckForUpdatesState>
	<TDataCompareState>
		<FormPosStr Value="403;139;1836;990"/>
		<LeftMRUSpecs>
			<_0 Value="F:\工作\传奇手游\data--服务器使用\zh_ZY - 副本 2018-11-06  未修改版本\data\vcoinshop.csv"/>
			<_1 Value="E:\神州棋牌\系统模块\全局定义\datastream.h"/>
		</LeftMRUSpecs>
		<MRUFonts>
			<_0 Value="Consolas;10"/>
		</MRUFonts>
		<RightMRUSpecs>
			<_0 Value="F:\工作\传奇手游\data--服务器使用\zh_ZY- 2018-11-06 元宝数值修改版\data\vcoinshop.csv"/>
			<_1 Value="E:\神州棋牌\datastream.h"/>
		</RightMRUSpecs>
	</TDataCompareState>
	<TDirCompareState>
		<FormPosStr Value="105;241;1538;1032"/>
		<LeftMRUSpecs>
			<_0 Value="E:\UnityPro_Git\Pro26_Sakura"/>
			<_1 Value="D:\UnityPro_Git\Pro32_PVE_BT2\Pro32_PVE_BT2\Assets\DragonBones\Scripts"/>
			<_2 Value="D:\AZURE\UnityPlugins\My project\Assets\Plugins\Borodar"/>
			<_3 Value="D:\樱花原版反编译工程和代码\SakuraScripts"/>
			<_4 Value="D:\UnityPro_Git\Pro24_DragonBallMatchMan\Pro24_DragonBallMatchMan\Assets\Scripts\Spine"/>
			<_5 Value="D:\Spine_plugin\Assets\Scripts"/>
			<_6 Value="E:\Unity\Export\VIVO-GAME-SDK_V5"/>
			<_7 Value="E:\Unity\UnityProject_Web\Pro07_FengKuangPaoTia\Export\v27\webgl_vivo"/>
			<_8 Value="E:\Unity\UnityProject_Web\Pro06_BusSubway\Export\Oppo\quickgame"/>
		</LeftMRUSpecs>
		<LogHeight Value="229"/>
		<MRUFilters>
			<_0 Value="-*.meta"/>
			<_1 Value="*.cs"/>
		</MRUFilters>
		<RightMRUSpecs>
			<_0 Value="D:\UnityPro_Git\Pro26_Sakura"/>
			<_1 Value="D:\AZURE\UnityPlugins\UnityPlugin_Dragon\Assets\DragonBones\Scripts"/>
			<_2 Value="D:\UnityPro_Git\Pro28_ZhangYuRobot\ctopus Robot Car Wala Games\Assets\Plugins\Borodar"/>
			<_3 Value="D:\UnityPro_Git\Pro28_ZhangYuRobot\ctopus Robot Car Wala Games\Assets\Plugins\Borodar\RainbowFolders"/>
			<_4 Value="D:\SakuraProject\Assets\Scripts"/>
			<_5 Value="D:\Spine_plugin\Assets\Scripts\Spine"/>
			<_6 Value="D:\UnityPro_Git\Pro24_DragonBallMatchMan\Pro24_DragonBallMatchMan\Assets\Scripts\Spine"/>
			<_7 Value="E:\Unity\Export\VIVO-GAME-SDK_V6"/>
			<_8 Value="E:\Unity\UnityProject_Web\Pro07_FengKuangPaoTia\Export\v28\webgl_vivo"/>
		</RightMRUSpecs>
		<SessionFormPosStr Value="2484;281;3085;894"/>
	</TDirCompareState>
	<TFileFormatManagerState>
		<FormPosStr Value="400;114;1520;917;;120"/>
	</TFileFormatManagerState>
	<THexCompareState>
		<FormPosStr Value="156;281;1589;1028"/>
		<LeftMRUSpecs>
			<_0 Value="D:\工作\com.zy.zjgqk.vivominigame.signed.rpk"/>
			<_1 Value="E:\Unity\UnityProject_Web\Pro07_FengKuangPaoTia\Export\v27\webgl_vivo\buildUnity\webgl.data.unityweb"/>
			<_2 Value="E:\工作\项目7_雪崩\com.ws.csxfd.nearme.gamecenter.signed_Second.rpk"/>
			<_3 Value="E:\Laya_Project\Laya_2.13\Laya_TravelChina\TravelChina_Laya\bin\scenes\UnityScenes\LayaScene_GameMain\Conventional\Assets\Car\fbx\car_03-Wheel_Front_R005.lm"/>
			<_4 Value="E:\Vs\有问题的\juese-fall down.lani"/>
			<_5 Value="F:\工作\风华\风华越南文件\admin-chinese\workspace_zhls_version0.1\game-admin\target\classes\com\game\admin\controllers\AccountController.class"/>
			<_6 Value="F:\工作\风华\风华合服修改的服务端\workspace_zhls_version0.1\game-common\target\classes\com\game\common\advices\EventID.class"/>
			<_7 Value="F:\工作\91 游戏\server\系统模块\服务器组件\模块管理\ModuleManager.aps"/>
			<_8 Value="F:\工作\沁阳麻将\server\系统模块\服务器组件\模块管理\ModuleManager.aps"/>
		</LeftMRUSpecs>
		<MRUFonts>
			<_0 Value="Consolas;10"/>
			<_1 Value="Courier New;9"/>
		</MRUFonts>
		<RightMRUSpecs>
			<_0 Value="D:\UnityPro_Git\HeiBaiGangQinKuai\Export\VIVO\webgl_vivo_Normal\dist\com.zy.zjgqk.vivominigame.signed.rpk"/>
			<_1 Value="E:\Unity\UnityProject_Web\Pro07_FengKuangPaoTia\Export\v28\webgl_vivo\buildUnity\webgl.data.unityweb"/>
			<_2 Value="E:\工作\项目7_雪崩\com.ws.csxfd.nearme.gamecenter_First.rpk"/>
			<_3 Value="E:\Laya_Project\Laya_2.13\Laya_TravelChina\TravelChina_Laya\bin\scenes\Conventional\Assets\Car\fbx\car_03-Wheel_Front_R005.lm"/>
			<_4 Value="E:\Vs\没有问题的\JUESE-FALL DOWN.lani"/>
			<_5 Value="F:\工作\风华\源码压缩包\workspace_zhls_version0.1\game-admin\target\classes\com\game\admin\controllers\AccountController.class"/>
			<_6 Value="F:\工作\风华\源码压缩包\workspace_zhls_version0.1\game-common\target\classes\com\game\common\advices\EventID.class"/>
			<_7 Value="F:\工作\91 游戏\server\副本ven\系统模块\服务器组件\模块管理\ModuleManager.aps"/>
			<_8 Value="F:\工作\91 游戏\server\系统模块 - 副本\服务器组件\模块管理\ModuleManager.aps"/>
		</RightMRUSpecs>
		<ShowItemNum Value="False"/>
	</THexCompareState>
	<THexFindState>
		<FindItems>
			<_0 Value="0D"/>
			<_1 Value="0A"/>
		</FindItems>
	</THexFindState>
	<THomeState>
		<EditWidth Value="993"/>
		<FormPosStr Value="105;241;1538;1032"/>
		<OpenWidth Value="128"/>
		<SessionType Value="TDirCompareSession"/>
	</THomeState>
	<TMP3CompareState>
		<FormPosStr Value="55;336;1279;860"/>
		<MRUFonts>
			<_0 Value="微软雅黑;9;;1"/>
			<_1 Value="宋体;9;;1"/>
		</MRUFonts>
	</TMP3CompareState>
	<TOpCompareResultsState>
		<FormPosStr Value="690;415;1038;759"/>
	</TOpCompareResultsState>
	<TOpCompareState>
		<Kind Value="ccCRC32"/>
		<ShowResultsDlg Value="True"/>
	</TOpCompareState>
	<TOpCopyToState>
		<MRUDestination>
			<_0 Value="C:\Users\Administrator\Desktop\updata"/>
		</MRUDestination>
	</TOpCopyToState>
	<TOpSyncState>
		<FormPosStr Value="2524;318;3033;792"/>
	</TOpSyncState>
	<TPixCompareState>
		<FormPosStr Value="52;52;1684;936"/>
		<LeftMRUSpecs>
			<_0 Value="E:\Unity\UnityProject_Web\Pro01_SnakeRacing\ExportWeb\v3\webgl_vivo\src\image\logo.png"/>
			<_1 Value="E:\Laya_Project\Laya_2.13\Laya_TravelChina\TravelChina_Laya\bin\scenes\UnityScenes\LayaScene_GameMain\Conventional\Assets\danzai\texture\maozi_01.jpg"/>
			<_2 Value="E:\Laya_Project\Laya_2.13\Laya_TravelChina\TravelChina_FairyGUI\assets\AchivementWndPkg\img\图层 34 拷贝.png"/>
			<_3 Value="E:\Laya_Project\Laya_SirenHead\SirenHead_FguiProject\assets\PublicPackage\imgs\KaiTi.png"/>
			<_4 Value="E:\Laya_Project\Laya_2.13\Laya_XueBeng_2.13\XueBengLaya\bin\scenes\LayaScene_GameMain\Conventional\Assets\PlayerSkin\skinTex_6.jpg"/>
			<_5 Value="G:\svn_atjm\www\res\res\sceneItem\player\5114\magic.png"/>
			<_6 Value="E:\110\天魔_古\5528\普通攻击\107200.png"/>
			<_7 Value="E:\110\天魔_古\5528\普通攻击\106200.png"/>
		</LeftMRUSpecs>
		<RightMRUSpecs>
			<_0 Value="E:\Unity\UnityProject_Web\Pro01_SnakeRacing\ExportWeb\v1\webgl_vivo\src\image\logo.png"/>
			<_1 Value="E:\Laya_Project\Laya_2.13\Laya_TravelChina\TravelChina_Laya\bin\scenes\Conventional\Assets\danzai\texture\maozi_01.jpg"/>
			<_2 Value="E:\工作\项目2_Laya_旅游中国\02-28\assets_旅游中国_UI_改\AchivementWndPkg\img\图层 34 拷贝.png"/>
			<_3 Value="E:\下载\飞书下载\assets_查尔斯小火车 (2)\assets_查尔斯小火车_UI_02-17\PublicPackage\imgs\KaiTi.png"/>
			<_4 Value="E:\Laya_Project\Laya_2.13\Laya_XueBeng_2.13\XueBengLaya\bin\scenes\Conventional\Assets\PlayerSkin\skinTex_1.png"/>
			<_5 Value="E:\下载\飞书下载\汉化\汉化\TextureQ_.png"/>
			<_6 Value="G:\svn_atjm\美术\广州美术\角色\天魔_道士-男-60\角色\attack.png"/>
			<_7 Value="E:\110\天魔_古\5528\普通攻击 - 副本\107200.png"/>
			<_8 Value="E:\110\天魔_古\5528\普通攻击 - 副本\106200.png"/>
		</RightMRUSpecs>
		<ZoomFactor Value="75"/>
	</TPixCompareState>
	<TRegCompareState>
		<MRUFonts>
			<_0 Value="宋体;9;;1"/>
		</MRUFonts>
	</TRegCompareState>
	<TSessionSaveAsState>
		<FormPosStr Value="1145;266;1570;585"/>
	</TSessionSaveAsState>
	<TTextCompareState>
		<FormPosStr Value="105;524;1538;1315;3"/>
		<LeftMRUSpecs>
			<_0 Value="D:\UnityPro_Git\Pro35_BaoKeMeng\Export\Oppo\Game1\quickgame_Normal\main.js"/>
			<_1 Value="D:\UnityPro_Git\Pro32_PVE_BT2\Pro32_PVE_BT2\Assets\DragonBones\Scripts\unity\UnityArmatureComponent.cs"/>
			<_2 Value="D:\UnityPro_Git\Pro32_PVE_BT2\Pro32_PVE_BT2\Assets\DragonBones\Scripts\animation\AnimationState.cs"/>
			<_3 Value="D:\UnityPro_Git\Pro26_Sakura\P26_Sakura\Assets\Plugins\OppoAD.jslib"/>
			<_4 Value="D:\AZURE\UnityPlugins\My project\Assets\Plugins\Borodar\RainbowFolders\Editor\Data\RainbowFoldersRuleset.asset"/>
			<_5 Value="D:\工作\Untiy打RPK包\Oppo\Oppo_版本2_激励视频不到时间直接方奖励\OppoAD.jslib"/>
			<_6 Value="D:\UnityPro_Git\Pro26_Sakura\异常退出\Editor - 副本.log"/>
			<_7 Value="C:\Users\Administrator\AppData\Local\Unity\Editor\Editor.log"/>
			<_8 Value="D:\UnityPro_Git\Pro26_Sakura\P26_Sakura\Assets\Resources\es2\ES2BlankObject.prefab"/>
		</LeftMRUSpecs>
		<MRUFonts>
			<_0 Value="Consolas;10"/>
			<_1 Value="Courier New;9"/>
		</MRUFonts>
		<RightMRUSpecs>
			<_0 Value="D:\UnityPro_Git\Pro35_BaoKeMeng\Export\Oppo\Game2\quickgame_Normal\main.js"/>
			<_1 Value="D:\AZURE\UnityPlugins\UnityPlugin_Dragon\Assets\DragonBones\Scripts\unity\UnityArmatureComponent.cs"/>
			<_2 Value="D:\AZURE\UnityPlugins\UnityPlugin_Dragon\Assets\DragonBones\Scripts\animation\AnimationState.cs"/>
			<_3 Value="D:\飞书_下载\OppoAD.jslib"/>
			<_4 Value="D:\UnityPro_Git\Pro28_ZhangYuRobot\ctopus Robot Car Wala Games\Assets\Plugins\Borodar\RainbowFolders\Editor\Data\RainbowFoldersRuleset.asset"/>
			<_5 Value="D:\UnityPro_Git\Pro18_AnimeSchool_Oppo\Pro18_AnimeSchoolGirl_4G\Assets\Plugins\OppoAD.jslib"/>
			<_6 Value="D:\UnityPro_Git\Pro26_Sakura\P26_Sakura\Assets\Plugins\OppoAD.jslib"/>
			<_7 Value="D:\UnityPro_Git\Pro26_Sakura\异常退出\Editor - 副本_运行异常退出后.log"/>
			<_8 Value="C:\Users\Administrator\AppData\Local\Unity\Editor\Editor - 副本.log"/>
		</RightMRUSpecs>
		<SessionFormPosStr Value="509;217;930;652"/>
		<ShowItemNum Value="True"/>
	</TTextCompareState>
	<TTextEditState>
		<FormPosStr Value="66;87;1290;826"/>
		<LeftMRUSpecs>
			<_0 Value="D:\svn_xsx\erlangs\xsx_dev.sql"/>
		</LeftMRUSpecs>
		<MRUFonts>
			<_0 Value="Courier New;9"/>
		</MRUFonts>
	</TTextEditState>
	<TTextFindState>
		<CurSideOnly Value="False"/>
		<FindItems>
			<_0 Value="战斗力"/>
			<_1 Value="战"/>
			<_2 Value="召唤器"/>
			<_3 Value="|"/>
			<_4 Value=" alert"/>
			<_5 Value="Đang tải giao diện...."/>
			<_6 Value="goUser"/>
			<_7 Value="combobox1"/>
			<_8 Value="颜灵玉"/>
		</FindItems>
		<ReplaceItems>
			<_0/>
			<_1 Value="\n"/>
			<_2 Value="Đỉnh "/>
			<_3 Value="\%22"/>
			<_4 Value="\\"/>
			<_5 Value="\"/>
			<_6 Value="123"/>
		</ReplaceItems>
	</TTextFindState>
	<TTextInfoState>
		<FormPosStr Value="435;193;1004;666"/>
	</TTextInfoState>
	<TTextMergeState>
		<CenterMRUSpecs>
			<_0 Value="F:\工作\大乱斗学院网站 维护\htmlcopy\首页模板.html"/>
			<_1 Value="F:\工作\大乱斗学院网站 维护\首页模板1.html"/>
			<_2 Value="C:\Users\Administrator\Desktop\t_server_list.txt"/>
			<_3 Value="E:\xianyumajiang\系统模块\服务器组件\游戏服务器\ServiceUnits.h"/>
			<_4 Value="E:\南阳麻将\Server%26DB\系统模块\服务器组件\游戏服务器\DataBaseEngineSink.h"/>
			<_5 Value="E:\dpsg\H5dpsg\app\game\gateway\src\mgeeg_auth.erl"/>
			<_6 Value="E:\dpsg\bbjx_socket\dpDB\src\mgeeg_packet.erl"/>
			<_7 Value="E:\csby\server\csby_server_work\public\src\gameserver\WorldSession.cpp.r196"/>
		</CenterMRUSpecs>
		<FormPosStr Value="23;241;1456;1092"/>
		<LeftMRUSpecs>
			<_0 Value="F:\工作\大乱斗学院网站 维护\htmlcopy\角色内容模板.html"/>
			<_1 Value="F:\工作\大乱斗学院网站 维护\角色列表1.html"/>
			<_2 Value="C:\Users\Administrator\Desktop\t_vip_feedback.txt"/>
			<_3 Value="E:\xianyumajiang\系统模块\服务器组件\游戏服务器\SensitiveWordsFilter.h"/>
			<_4 Value="E:\南阳麻将\Server%26DB\系统模块\服务器组件\游戏服务器\AttemperEngineSink.h"/>
			<_5 Value="E:\dpsg\H5dpsg\app\game\gateway\src\mgeeg_networking.erl"/>
			<_6 Value="E:\dpsg\bbjx_socket\dpDB\src\mgeeg_auth.erl"/>
			<_7 Value="E:\csby\server\csby_server_work\public\src\gameserver\WorldSession.cpp.mine"/>
		</LeftMRUSpecs>
		<MRUFonts>
			<_0 Value="Consolas;10"/>
		</MRUFonts>
		<OutputPct Value="18"/>
		<RightMRUSpecs>
			<_0 Value="F:\工作\大乱斗学院网站 维护\htmlcopy\使徒介绍列表模板.html"/>
			<_1 Value="F:\工作\大乱斗学院网站 维护\角色内容1.html"/>
			<_2 Value="C:\Users\Administrator\Desktop\t_vip.txt"/>
			<_3 Value="E:\xianyumajiang\系统模块\服务器组件\游戏服务器\ServerListManager.h"/>
			<_4 Value="E:\南阳麻将\Server%26DB\系统模块\服务器组件\游戏服务器\ControlPacket.h"/>
			<_5 Value="E:\dpsg\H5dpsg\app\game\gateway\src\mgeeg_packet.erl"/>
			<_6 Value="E:\dpsg\bbjx_socket\dpDB\src\mgeeg_networking.erl"/>
			<_7 Value="E:\csby\server\csby_server_work\public\src\gameserver\WorldSession.cpp.r183"/>
		</RightMRUSpecs>
	</TTextMergeState>
	<TTipState>
		<DontShowAgain Value="[tipFastRefresh]"/>
	</TTipState>
	<TVerCompareState>
		<FormPosStr Value="25;25;1657;917"/>
		<LeftMRUSpecs>
			<_0 Value="F:\工作\沁阳麻将\server\系统模块\服务器组件\内核引擎\MSADO15.dll"/>
			<_1 Value="F:\工作\沁阳麻将\server\系统模块\服务器组件\游戏服务器\GameServer.exe"/>
		</LeftMRUSpecs>
		<MRUFonts>
			<_0 Value="微软雅黑;9;;1"/>
		</MRUFonts>
		<RightMRUSpecs>
			<_0 Value="F:\工作\91 游戏\server\系统模块 - 副本\服务器组件\内核引擎\MSADO15.dll"/>
			<_1 Value="F:\工作\91 游戏\server\系统模块 - 副本\服务器组件\游戏服务器\GameServer.exe"/>
		</RightMRUSpecs>
	</TVerCompareState>
</BCState>
