<?xml version="1.0" encoding="UTF-8"?>
<!-- Produced by Beyond Compare 3 from Scooter Software -->
<BCSessions>
	<TSessionFolder>
		<Items>
			<TSessionFolder>
				<Items>
					<TTextCompareSession Value="game_all.sql %3C--%3E game_update.sql">
						<LastModified Value="2016-02-15 18:17:25"/>
						<Specs>
							<Left Value="G:\svn_shiszhanshen\db\game_all.sql"/>
							<Right Value="G:\svn_shiszhanshen\db\game_update.sql"/>
						</Specs>
					</TTextCompareSession>
					<TTextCompareSession Value="union_noguild_tx_2.sql %3C--%3E union_noguild_tx.sql">
						<LastModified Value="2016-02-15 15:54:51"/>
						<Specs>
							<Left Value="G:\svn_atxm\db\union_noguild_tx_2.sql"/>
							<Right Value="G:\svn_atxm\db\union_noguild_tx.sql"/>
						</Specs>
					</TTextCompareSession>
					<TTextCompareSession Value="union_noguild_tx.sql %3C--%3E union_noguild.sql">
						<LastModified Value="2016-01-29 09:52:03"/>
						<Specs>
							<Left Value="G:\svn_atxm\db\union_noguild_tx.sql"/>
							<Right Value="G:\svn_atxm\db\union_noguild.sql"/>
						</Specs>
					</TTextCompareSession>
					<TTextCompareSession Value="union_noguild_tx.sql %3C--%3E union_noguild_tx_2.sql">
						<LastModified Value="2016-01-29 09:51:32"/>
						<Specs>
							<Left Value="G:\svn_tx_yxml\db\union_noguild_tx.sql"/>
							<Right Value="G:\svn_tx_yxml\db\union_noguild_tx_2.sql"/>
						</Specs>
					</TTextCompareSession>
					<TTextCompareSession Value="game_update.sql %3C--%3E game_all20160125120000.sql">
						<LastModified Value="2016-01-25 22:00:29"/>
						<Specs>
							<Left Value="G:\svn_shiszhanshen\db\game_update.sql"/>
							<Right Value="G:\svn_shiszhanshen\db\game_all20160125120000.sql"/>
						</Specs>
					</TTextCompareSession>
					<TTextCompareSession Value="00272_mapMgr.ini %3C--%3E 00421_mapMgr.ini">
						<LastModified Value="2016-01-17 14:04:43"/>
						<Specs>
							<Left Value="E:\svn_shis\flash\shisMapEditer\bin-debug\assets\scene\421_镇妖塔\00272_mapMgr.ini"/>
							<Right Value="E:\svn_shis\flash\shisMapEditer\bin-debug\assets\scene\421_镇妖塔\00421_mapMgr.ini"/>
						</Specs>
					</TTextCompareSession>
					<TTextCompareSession Value="00271_mapMgr.ini %3C--%3E 00401_mapMgr.ini">
						<LastModified Value="2016-01-17 13:59:49"/>
						<Specs>
							<Left Value="E:\svn_shis\flash\shisMapEditer\bin-debug\assets\scene\401_幻境\00271_mapMgr.ini"/>
							<Right Value="E:\svn_shis\flash\shisMapEditer\bin-debug\assets\scene\401_幻境\00401_mapMgr.ini"/>
						</Specs>
					</TTextCompareSession>
					<TTextCompareSession Value="game_update.sql %3C--%3E game_all20160113104556.sql">
						<LastModified Value="2016-01-17 13:59:21"/>
						<Specs>
							<Left Value="E:\svn_shis\db\game_update.sql"/>
							<Right Value="E:\svn_shis\db\game_all20160113104556.sql"/>
						</Specs>
					</TTextCompareSession>
					<TTextCompareSession Value="game_all20160112191445.sql %3C--%3E game_update.sql">
						<LastModified Value="2016-01-12 19:17:19"/>
						<Specs>
							<Left Value="E:\svn_shis\db\game_all20160112191445.sql"/>
							<Right Value="E:\svn_shis\db\game_update.sql"/>
						</Specs>
					</TTextCompareSession>
					<TTextCompareSession Value="game_all20160105163533.sql %3C--%3E game_update.sql">
						<LastModified Value="2016-01-05 16:42:03"/>
						<Specs>
							<Left Value="E:\svn_shis\db\game_all20160105163533.sql"/>
							<Right Value="E:\svn_shis\db\game_update.sql"/>
						</Specs>
					</TTextCompareSession>
					<TTextCompareSession Value="game_update.sql %3C--%3E game_all.sql">
						<LastModified Value="2016-01-01 09:19:26"/>
						<Specs>
							<Left Value="E:\svn_shis\db\game_update.sql"/>
							<Right Value="E:\svn_shis\db\game_all.sql"/>
						</Specs>
					</TTextCompareSession>
					<TTextCompareSession Value="game_all20151231120252.sql %3C--%3E game_update.sql">
						<LastModified Value="2015-12-31 12:06:07"/>
						<Specs>
							<Left Value="E:\svn_shis\db\game_all20151231120252.sql"/>
							<Right Value="E:\svn_shis\db\game_update.sql"/>
						</Specs>
					</TTextCompareSession>
					<TPixCompareSession Value="通天塔楼单人副本2.jpg %3C--%3E 通天塔楼单人副本.jpg">
						<LastModified Value="2015-12-25 10:07:41"/>
						<Specs>
							<Left Value="F:\资源\scene_single\通天塔楼单人副本2.jpg"/>
							<Right Value="F:\资源\scene_single\通天塔楼单人副本.jpg"/>
						</Specs>
					</TPixCompareSession>
					<TTextCompareSession Value="game_all.sql %3C--%3E game_update.sql">
						<LastModified Value="2015-12-22 14:11:49"/>
						<Specs>
							<Left Value="G:\svn_tx_yxml\db\game_all.sql"/>
							<Right Value="G:\svn_tx_yxml\db\game_update.sql"/>
						</Specs>
					</TTextCompareSession>
					<TTextCompareSession Value="game_all.sql %3C--%3E game_update.sql">
						<LastModified Value="2015-12-21 20:32:16"/>
						<Specs>
							<Left Value="E:\svn_shis\db\game_all.sql"/>
							<Right Value="E:\svn_shis\db\game_update.sql"/>
						</Specs>
					</TTextCompareSession>
					<TTextCompareSession Value="game_all.sql %3C--%3E game_update.sql">
						<LastModified Value="2015-12-21 20:31:20"/>
						<Specs>
							<Left Value="G:\svn_atxm\db\game_all.sql"/>
							<Right Value="G:\svn_atxm\db\game_update.sql"/>
						</Specs>
					</TTextCompareSession>
					<TPixCompareSession Value="181生死门.jpg %3C--%3E 181生死门2.jpg">
						<LastModified Value="2015-12-18 13:03:13"/>
						<Specs>
							<Left Value="F:\资源\scene_禁地\181生死门.jpg"/>
							<Right Value="F:\资源\scene_禁地\181生死门2.jpg"/>
						</Specs>
					</TPixCompareSession>
					<TPixCompareSession Value="008.png %3C--%3E 001.png">
						<LastModified Value="2015-12-18 11:08:17"/>
						<Specs>
							<Left Value="E:\svn_shis\美术\角色\人物模型\弑沙_21001\挖\上\008.png"/>
							<Right Value="E:\svn_shis\美术\角色\挖删帧人物模型\弑沙_21001\挖\上\001.png"/>
						</Specs>
					</TPixCompareSession>
					<TTextCompareSession Value="game_update20151217105601.sql %3C--%3E game_all.sql">
						<LastModified Value="2015-12-17 10:58:28"/>
						<Specs>
							<Left Value="G:\svn_atxm\db\game_update20151217105601.sql"/>
							<Right Value="G:\svn_atxm\db\game_all.sql"/>
						</Specs>
					</TTextCompareSession>
					<TTextCompareSession Value="npcShop2001.xml %3C--%3E npcShop11BG.xml">
						<LastModified Value="2015-12-15 19:33:48"/>
						<Specs>
							<Left Value="E:\svn_shis\www\res\config\Npcshop\npcShop2001.xml"/>
							<Right Value="E:\svn_shis\www\res\config\Npcshop\npcShop11BG.xml"/>
						</Specs>
					</TTextCompareSession>
					<TTextCompareSession Value="game_update.sql %3C--%3E game_all20151210181945.sql">
						<LastModified Value="2015-12-10 18:43:48"/>
						<Specs>
							<Left Value="E:\svn_shis\db\game_update.sql"/>
							<Right Value="E:\svn_shis\db\game_all20151210181945.sql"/>
						</Specs>
					</TTextCompareSession>
					<TTextCompareSession Value="game_update.sql %3C--%3E game_all20151209184555.sql">
						<LastModified Value="2015-12-09 18:47:53"/>
						<Specs>
							<Left Value="E:\svn_shis\db\game_update.sql"/>
							<Right Value="E:\svn_shis\db\game_all20151209184555.sql"/>
						</Specs>
					</TTextCompareSession>
					<TTextCompareSession Value="game_all.sql %3C--%3E game_update20151130110824.sql">
						<LastModified Value="2015-11-30 18:41:15"/>
						<Specs>
							<Left Value="G:\svn_tx_atxm\db\game_all.sql"/>
							<Right Value="G:\svn_tx_atxm\db\game_update20151130110824.sql"/>
						</Specs>
					</TTextCompareSession>
					<TTextCompareSession Value="game_all.sql %3C--%3E game_update.sql">
						<LastModified Value="2015-11-30 11:06:39"/>
						<Specs>
							<Left Value="G:\svn_tx_atxm\db\game_all.sql"/>
							<Right Value="G:\svn_tx_atxm\db\game_update.sql"/>
						</Specs>
					</TTextCompareSession>
					<TTextCompareSession Value="game_all.sql %3C--%3E game_all20151130105536.sql">
						<LastModified Value="2015-11-30 10:57:14"/>
						<Specs>
							<Left Value="E:\svn_shis\db\game_all.sql"/>
							<Right Value="E:\svn_shis\db\game_all20151130105536.sql"/>
						</Specs>
					</TTextCompareSession>
					<TTextCompareSession Value="game_update20151130105237.sql %3C--%3E game_all.sql">
						<LastModified Value="2015-11-30 10:57:14"/>
						<Specs>
							<Left Value="G:\svn_tx_atxm\db\game_update20151130105237.sql"/>
							<Right Value="G:\svn_tx_atxm\db\game_all.sql"/>
						</Specs>
					</TTextCompareSession>
					<TTextCompareSession Value="ppwan_game17nd20151022092120.sql %3C--%3E ppwan_game13nd20151022092120.sql">
						<LastModified Value="2015-10-22 09:24:21"/>
						<Specs>
							<Left Value="G:\doc\ppwan_game17nd20151022092120.sql"/>
							<Right Value="G:\doc\ppwan_game13nd20151022092120.sql"/>
						</Specs>
					</TTextCompareSession>
					<TTextCompareSession Value="game_update.sql %3C--%3E game_all20151022085340.sql">
						<LastModified Value="2015-10-22 08:59:12"/>
						<Specs>
							<Left Value="E:\svn_shis\db\game_update.sql"/>
							<Right Value="E:\svn_shis\db\game_all20151022085340.sql"/>
						</Specs>
					</TTextCompareSession>
					<TTextCompareSession Value="game_update.sql %3C--%3E game_all20151019113109.sql">
						<LastModified Value="2015-10-19 11:32:17"/>
						<Specs>
							<Left Value="E:\svn_shis\db\game_update.sql"/>
							<Right Value="E:\svn_shis\db\game_all20151019113109.sql"/>
						</Specs>
					</TTextCompareSession>
					<TTextCompareSession Value="game_update.sql %3C--%3E game_all.sql">
						<LastModified Value="2015-09-25 09:39:02"/>
						<Specs>
							<Left Value="G:\svn_atxm\db\game_update.sql"/>
							<Right Value="G:\svn_atxm\db\game_all.sql"/>
						</Specs>
					</TTextCompareSession>
					<TTextCompareSession Value="atjm_game20150924160448.sql %3C--%3E game_all.sql">
						<LastModified Value="2015-09-24 16:06:22"/>
						<Specs>
							<Left Value="G:\svn_atxm\db\atjm_game20150924160448.sql"/>
							<Right Value="G:\svn_atxm\db\game_all.sql"/>
						</Specs>
					</TTextCompareSession>
					<TPixCompareSession Value="101200.png %3C--%3E 101500.png">
						<LastModified Value="2015-09-11 17:38:29"/>
						<Specs>
							<Left Value="G:\svn_atxm\美术\广州美术\npc和怪物\怪\天魔_怪-古\221\走路\101200.png"/>
							<Right Value="G:\svn_atxm\美术\广州美术\npc和怪物\怪\天魔_怪-古\221\走路\101500.png"/>
						</Specs>
					</TPixCompareSession>
					<TTextCompareSession Value="game_update.sql %3C--%3E atxm_game20150826222146.sql">
						<LastModified Value="2015-08-26 22:22:18"/>
						<Specs>
							<Left Value="G:\svn_atxm\db\game_update.sql"/>
							<Right Value="G:\svn_atxm\db\atxm_game20150826222146.sql"/>
						</Specs>
					</TTextCompareSession>
					<TTextCompareSession Value="game_all.sql %3C--%3E game_update.sql">
						<LastModified Value="2015-08-17 13:17:53"/>
						<Specs>
							<Left Value="G:\svn_atjm\db\game_all.sql"/>
							<Right Value="G:\svn_atjm\db\game_update.sql"/>
						</Specs>
					</TTextCompareSession>
					<TTextCompareSession Value="lib_mount_arena.erl">
						<LastModified Value="2015-08-14 18:46:00"/>
						<Specs>
							<Left Value="G:\svn_pm\pmxx_01_yn\erlang\src\lib\lib_mount_arena.erl"/>
							<Right Value="G:\svn_pm\pmxx\branches\01\erlang\src\lib\lib_mount_arena.erl"/>
						</Specs>
					</TTextCompareSession>
					<TDirCompareSession Value="src">
						<LastModified Value="2015-08-14 18:45:38"/>
						<Rules>
							<UseTimestampComparison Value="False"/>
						</Rules>
						<Specs>
							<Left Value="G:\svn_pm\pmxx_01_yn\erlang\src"/>
							<Right Value="G:\svn_pm\pmxx\branches\01\erlang\src"/>
						</Specs>
					</TDirCompareSession>
					<TTextCompareSession Value="server_list.html">
						<LastModified Value="2015-08-14 18:45:38"/>
						<Specs>
							<Left Value="G:\svn_5117pk\default\app\Tpl\default\dlq\server_list.html"/>
							<Right Value="D:\Documents\Tencent Files\24297958\FileRecv\index\index\www.5117pk.com\server_list.html"/>
						</Specs>
					</TTextCompareSession>
					<TTextCompareSession Value="union.sql %3C--%3E union_noguild.sql">
						<LastModified Value="2015-08-12 09:18:46"/>
						<Specs>
							<Left Value="G:\svn_atjm\db\union.sql"/>
							<Right Value="G:\svn_atjm\db\union_noguild.sql"/>
						</Specs>
					</TTextCompareSession>
					<TTextCompareSession Value="psset_pmxx_fclick2005.sh %3C--%3E psset_pmxx_fclick.sh">
						<LastModified Value="2015-08-07 13:12:18"/>
						<Specs>
							<Left Value="G:\svn_soft\script\psset_pmxx_fclick2005.sh"/>
							<Right Value="G:\svn_soft\script\psset_pmxx_fclick.sh"/>
						</Specs>
					</TTextCompareSession>
					<TTextCompareSession Value="atjm_game20150728160427.sql %3C--%3E game_update.sql">
						<LastModified Value="2015-07-28 16:58:15"/>
						<Specs>
							<Left Value="G:\svn_atjm\db\atjm_game20150728160427.sql"/>
							<Right Value="G:\svn_atjm\db\game_update.sql"/>
						</Specs>
					</TTextCompareSession>
					<TTextCompareSession Value="game_update.sql %3C--%3E gamecards20150728160245.sql">
						<LastModified Value="2015-07-28 16:03:38"/>
						<Specs>
							<Left Value="G:\svn_atjm\db\game_update.sql"/>
							<Right Value="G:\svn_atjm\db\gamecards20150728160245.sql"/>
						</Specs>
					</TTextCompareSession>
					<TTextCompareSession Value="game_update.sql %3C--%3E game_all20150727134003.sql">
						<LastModified Value="2015-07-27 13:41:40"/>
						<Specs>
							<Left Value="E:\svn_shis\db\game_update.sql"/>
							<Right Value="E:\svn_shis\db\game_all20150727134003.sql"/>
						</Specs>
					</TTextCompareSession>
					<TTextCompareSession Value="pmxx_dev.sql">
						<LastModified Value="2015-07-27 09:53:20"/>
						<Specs>
							<Left Value="G:\svn_pm\pmxx_02\erlang\pmxx_dev.sql"/>
							<Right Value="G:\svn_pm\pmxx_02\erlangBeam\pmxx_dev.sql"/>
						</Specs>
					</TTextCompareSession>
					<TDirCompareSession Value="G:\svn_pm\pmxx_01_yn\erlang\src\ %3C--%3E G:\svn_pm\pmxx\branches\01\erlang\src\">
						<LastModified Value="2015-07-24 19:39:00"/>
						<Rules>
							<UseTimestampComparison Value="False"/>
						</Rules>
						<Specs>
							<Left Value="G:\svn_pm\pmxx_01_yn\erlang\src\"/>
							<Right Value="G:\svn_pm\pmxx\branches\01\erlang\src\"/>
						</Specs>
					</TDirCompareSession>
					<TTextCompareSession Value="db_agent.erl">
						<LastModified Value="2015-07-24 19:13:02"/>
						<Specs>
							<Left Value="G:\svn_pm\pmxx_01_yn\erlang\src\lib\db_agent.erl"/>
							<Right Value="G:\svn_pm\pmxx\branches\01\erlang\src\lib\db_agent.erl"/>
						</Specs>
					</TTextCompareSession>
					<TTextCompareSession Value="lib_offline_award.erl">
						<LastModified Value="2015-07-24 18:56:03"/>
						<Specs>
							<Left Value="G:\svn_pm\pmxx_01_yn\erlang\src\lib\lib_offline_award.erl"/>
							<Right Value="G:\svn_pm\pmxx_02\erlang\src\lib\lib_offline_award.erl"/>
						</Specs>
					</TTextCompareSession>
					<TTextCompareSession Value="pmxx_dev.sql">
						<LastModified Value="2015-07-24 11:41:10"/>
						<Specs>
							<Left Value="G:\svn_pm\pmxx_01_yn\erlang\pmxx_dev.sql"/>
							<Right Value="G:\svn_pm\pmxx_01_yn\erlangBeam\pmxx_dev.sql"/>
						</Specs>
					</TTextCompareSession>
					<TTextCompareSession Value="libao.lua %3C--%3E huicheng.lua">
						<LastModified Value="2015-07-20 11:34:21"/>
						<Specs>
							<Left Value="G:\svn_atjm\server\GameServer\scripts\Item\libao.lua"/>
							<Right Value="G:\svn_atjm\server\GameServer\scripts\Item\huicheng.lua"/>
						</Specs>
					</TTextCompareSession>
					<TTextCompareSession Value="game_all20150717140326.sql %3C--%3E game_all20150717140509.sql">
						<LastModified Value="2015-07-17 14:41:21"/>
						<LeftCodePageOverride Value="65001"/>
						<RightCodePageOverride Value="65001"/>
						<Specs>
							<Left Value="G:\svn_atjm\db\game_all20150717140326.sql"/>
							<Right Value="G:\svn_atjm\db\game_all20150717140509.sql"/>
						</Specs>
					</TTextCompareSession>
					<TTextCompareSession Value="game_all20150717135701.sql %3C--%3E game_all20150717135823.sql">
						<LastModified Value="2015-07-17 14:02:28"/>
						<LeftCodePageOverride Value="65001"/>
						<RightCodePageOverride Value="65001"/>
						<Specs>
							<Left Value="G:\svn_atjm\db\game_all20150717135701.sql"/>
							<Right Value="G:\svn_atjm\db\game_all20150717135823.sql"/>
						</Specs>
					</TTextCompareSession>
					<TTextCompareSession Value="game_all20150715180935.sql %3C--%3E game_all20150716161236.sql">
						<LastModified Value="2015-07-16 16:15:08"/>
						<LeftCodePageOverride Value="65001"/>
						<RightCodePageOverride Value="65001"/>
						<Specs>
							<Left Value="G:\svn_atjm\db\game_all20150715180935.sql"/>
							<Right Value="G:\svn_atjm\db\game_all20150716161236.sql"/>
						</Specs>
					</TTextCompareSession>
					<TTextCompareSession Value="game_all20150716161126.sql %3C--%3E game_all20150715180935.sql">
						<LastModified Value="2015-07-16 16:12:19"/>
						<Specs>
							<Left Value="G:\svn_atjm\db\game_all20150716161126.sql"/>
							<Right Value="G:\svn_atjm\db\game_all20150715180935.sql"/>
						</Specs>
					</TTextCompareSession>
					<TTextCompareSession Value="00176_mapMgr.ini %3C--%3E 00173_mapMgr.ini">
						<LastModified Value="2015-07-13 21:21:38"/>
						<Specs>
							<Left Value="E:\svn_shis\server\GameServer\mapini\00176_mapMgr.ini"/>
							<Right Value="E:\svn_shis\server\GameServer\mapini\00173_mapMgr.ini"/>
						</Specs>
					</TTextCompareSession>
					<TTextCompareSession Value="game_update.sql %3C--%3E game_all20150713123024.sql">
						<LastModified Value="2015-07-13 21:21:38"/>
						<Specs>
							<Left Value="E:\svn_shis\db\game_update.sql"/>
							<Right Value="E:\svn_shis\db\game_all20150713123024.sql"/>
						</Specs>
					</TTextCompareSession>
					<TTextCompareSession Value="game_update.sql %3C--%3E game_all20150713121508.sql">
						<LastModified Value="2015-07-13 12:16:03"/>
						<Specs>
							<Left Value="E:\svn_shis\db\game_update.sql"/>
							<Right Value="E:\svn_shis\db\game_all20150713121508.sql"/>
						</Specs>
					</TTextCompareSession>
					<TTextCompareSession Value="game_update.sql %3C--%3E game_all20150709193433.sql">
						<LastModified Value="2015-07-09 19:34:50"/>
						<Specs>
							<Left Value="E:\svn_shis\db\game_update.sql"/>
							<Right Value="E:\svn_shis\db\game_all20150709193433.sql"/>
						</Specs>
					</TTextCompareSession>
					<TTextCompareSession Value="game_update.sql %3C--%3E game_all20150709190756.sql">
						<LastModified Value="2015-07-09 19:10:15"/>
						<Specs>
							<Left Value="E:\svn_shis\db\game_update.sql"/>
							<Right Value="E:\svn_shis\db\game_all20150709190756.sql"/>
						</Specs>
					</TTextCompareSession>
					<TTextCompareSession Value="game_update.sql %3C--%3E game_all20150708200649.sql">
						<LastModified Value="2015-07-08 20:37:36"/>
						<Specs>
							<Left Value="E:\svn_shis\db\game_update.sql"/>
							<Right Value="E:\svn_shis\db\game_all20150708200649.sql"/>
						</Specs>
					</TTextCompareSession>
					<TTextCompareSession Value="game_all20150707100322.sql %3C--%3E game_update.sql">
						<LastModified Value="2015-07-07 19:52:28"/>
						<Specs>
							<Left Value="E:\svn_shis\db\game_all20150707100322.sql"/>
							<Right Value="E:\svn_shis\db\game_update.sql"/>
						</Specs>
					</TTextCompareSession>
					<TTextCompareSession Value="pmxx_dev.sql">
						<LastModified Value="2015-07-06 17:33:35"/>
						<Specs>
							<Left Value="G:\svn_pm\pmxx\branches\01\erlangBeam\pmxx_dev.sql"/>
							<Right Value="G:\svn_pm\pmxx_02\erlang\pmxx_dev.sql"/>
						</Specs>
					</TTextCompareSession>
					<TTextCompareSession Value="game_update.sql %3C--%3E game_all20150702145406.sql">
						<LastModified Value="2015-07-02 14:59:57"/>
						<Specs>
							<Left Value="E:\svn_shis\db\game_update.sql"/>
							<Right Value="E:\svn_shis\db\game_all20150702145406.sql"/>
						</Specs>
					</TTextCompareSession>
					<TTextCompareSession Value="admingroup.sql %3C--%3E admin.sql">
						<LastModified Value="2015-06-26 10:01:29"/>
						<Specs>
							<Left Value="G:\svn_atjm\db\admingroup.sql"/>
							<Right Value="G:\svn_atjm\db\admin.sql"/>
						</Specs>
					</TTextCompareSession>
					<TTextCompareSession Value="php.ini %3C--%3E php-apache2handler.ini">
						<LastModified Value="2015-06-17 18:11:39"/>
						<Specs>
							<Left Value="E:\php5\php.ini"/>
							<Right Value="F:\PHPnow-1.5.5_1\php-5.2.12-Win32\php-apache2handler.ini"/>
						</Specs>
					</TTextCompareSession>
					<TTextCompareSession Value="php.ini %3C--%3E php.ini-development">
						<LastModified Value="2015-06-17 16:46:10"/>
						<Specs>
							<Left Value="E:\php5\php.ini"/>
							<Right Value="E:\php5\php.ini-development"/>
						</Specs>
					</TTextCompareSession>
					<TTextCompareSession Value="shisTool.as %3C--%3E AtjmTool.as">
						<LastModified Value="2015-06-11 17:27:22"/>
						<Specs>
							<Left Value="E:\svn_shis\flash\shisMapEditer\src\com\legend\shisTool.as"/>
							<Right Value="E:\svn_shis\flash\shisMapEditer\src\com\legend\AtjmTool.as"/>
						</Specs>
					</TTextCompareSession>
					<TTextCompareSession Value="game_all20150605165834.sql %3C--%3E game_update.sql">
						<LastModified Value="2015-06-05 17:08:36"/>
						<Specs>
							<Left Value="E:\svn_shis\db\game_all20150605165834.sql"/>
							<Right Value="E:\svn_shis\db\game_update.sql"/>
						</Specs>
					</TTextCompareSession>
					<TTextCompareSession Value="game_all20150605135224.sql %3C--%3E game_update.sql">
						<LastModified Value="2015-06-05 14:04:33"/>
						<Specs>
							<Left Value="E:\svn_shis\db\game_all20150605135224.sql"/>
							<Right Value="E:\svn_shis\db\game_update.sql"/>
						</Specs>
					</TTextCompareSession>
					<TTextCompareSession Value="game_update.sql %3C--%3E game_all20150604155127.sql">
						<LastModified Value="2015-06-04 15:52:53"/>
						<Specs>
							<Left Value="E:\svn_shis\db\game_update.sql"/>
							<Right Value="E:\svn_shis\db\game_all20150604155127.sql"/>
						</Specs>
					</TTextCompareSession>
					<TTextCompareSession Value="game_update.sql %3C--%3E game_all20150604093307.sql">
						<LastModified Value="2015-06-04 13:49:52"/>
						<Specs>
							<Left Value="E:\svn_shis\db\game_update.sql"/>
							<Right Value="E:\svn_shis\db\game_all20150604093307.sql"/>
						</Specs>
					</TTextCompareSession>
					<TTextCompareSession Value="game_update.sql %3C--%3E game_all20150603175147.sql">
						<LastModified Value="2015-06-03 17:57:33"/>
						<Specs>
							<Left Value="E:\svn_shis\db\game_update.sql"/>
							<Right Value="E:\svn_shis\db\game_all20150603175147.sql"/>
						</Specs>
					</TTextCompareSession>
					<TTextCompareSession Value="game_update.sql %3C--%3E game_all20150601133651.sql">
						<LastModified Value="2015-06-01 14:57:09"/>
						<Specs>
							<Left Value="E:\svn_shis\db\game_update.sql"/>
							<Right Value="E:\svn_shis\db\game_all20150601133651.sql"/>
						</Specs>
					</TTextCompareSession>
					<TTextCompareSession Value="game_update.sql %3C--%3E game_all20150601144411.sql">
						<LastModified Value="2015-06-01 14:57:09"/>
						<Specs>
							<Left Value="E:\svn_shis\db\game_update.sql"/>
							<Right Value="E:\svn_shis\db\game_all20150601144411.sql"/>
						</Specs>
					</TTextCompareSession>
					<TTextCompareSession Value="game_update.sql %3C--%3E game_all20150601140228.sql">
						<LastModified Value="2015-06-01 14:03:05"/>
						<Specs>
							<Left Value="E:\svn_shis\db\game_update.sql"/>
							<Right Value="E:\svn_shis\db\game_all20150601140228.sql"/>
						</Specs>
					</TTextCompareSession>
					<TTextCompareSession Value="game_update.sql %3C--%3E game_all20150601104451.sql">
						<LastModified Value="2015-06-01 11:46:59"/>
						<Specs>
							<Left Value="E:\svn_shis\db\game_update.sql"/>
							<Right Value="E:\svn_shis\db\game_all20150601104451.sql"/>
						</Specs>
					</TTextCompareSession>
					<TTextCompareSession Value="game_update.sql %3C--%3E game_all20150530132607.sql">
						<LastModified Value="2015-05-30 13:30:43"/>
						<Specs>
							<Left Value="E:\svn_shis\db\game_update.sql"/>
							<Right Value="E:\svn_shis\db\game_all20150530132607.sql"/>
						</Specs>
					</TTextCompareSession>
					<TTextCompareSession Value="game_update.sql %3C--%3E game_all20150529115504.sql">
						<LastModified Value="2015-05-29 12:07:58"/>
						<Specs>
							<Left Value="E:\svn_shis\db\game_update.sql"/>
							<Right Value="E:\svn_shis\db\game_all20150529115504.sql"/>
						</Specs>
					</TTextCompareSession>
					<TTextCompareSession Value="00188_mapMgr.ini %3C--%3E 00197_mapMgr.ini">
						<LastModified Value="2015-05-27 18:46:34"/>
						<Specs>
							<Left Value="E:\svn_shis\server\GameServer\mapini\00188_mapMgr.ini"/>
							<Right Value="E:\svn_shis\server\GameServer\mapini\00197_mapMgr.ini"/>
						</Specs>
					</TTextCompareSession>
					<TTextCompareSession Value="game_all20150527172929.sql %3C--%3E game_update.sql">
						<LastModified Value="2015-05-27 17:53:15"/>
						<Specs>
							<Left Value="E:\svn_shis\db\game_all20150527172929.sql"/>
							<Right Value="E:\svn_shis\db\game_update.sql"/>
						</Specs>
					</TTextCompareSession>
					<TTextCompareSession Value="00018_mapMgr.ini">
						<LastModified Value="2015-05-26 21:31:21"/>
						<Specs>
							<Left Value="E:\svn_shis\flash\shisMapEditer\bin-debug\assets\scene\18_首饰店\00018_mapMgr.ini"/>
							<Right Value="E:\svn_shis\server\GameServer\mapini\00018_mapMgr.ini"/>
						</Specs>
					</TTextCompareSession>
					<TTextCompareSession Value="00018_mapMgr.ini %3C--%3E 00019_mapMgr.ini">
						<LastModified Value="2015-05-26 21:31:21"/>
						<Specs>
							<Left Value="E:\svn_shis\server\GameServer\mapini\00018_mapMgr.ini"/>
							<Right Value="E:\svn_shis\server\GameServer\mapini\00019_mapMgr.ini"/>
						</Specs>
					</TTextCompareSession>
					<TTextCompareSession Value="00137_mapMgr.ini %3C--%3E 00135_mapMgr.ini">
						<LastModified Value="2015-05-26 21:31:21"/>
						<Specs>
							<Left Value="E:\svn_shis\server\GameServer\mapini\00137_mapMgr.ini"/>
							<Right Value="E:\svn_shis\server\GameServer\mapini\00135_mapMgr.ini"/>
						</Specs>
					</TTextCompareSession>
					<TTextCompareSession Value="game_update.sql %3C--%3E game_all20150526140645.sql">
						<LastModified Value="2015-05-26 14:29:08"/>
						<Specs>
							<Left Value="E:\svn_shis\db\game_update.sql"/>
							<Right Value="E:\svn_shis\db\game_all20150526140645.sql"/>
						</Specs>
					</TTextCompareSession>
					<TTextCompareSession Value="t1 %3C--%3E t2">
						<LastModified Value="2015-05-25 21:19:40"/>
						<Specs>
							<Left Value="D:\Documents\t1"/>
							<Right Value="D:\Documents\t2"/>
						</Specs>
					</TTextCompareSession>
					<TTextCompareSession Value="game_all20150523114004.sql %3C--%3E game_update.sql">
						<LastModified Value="2015-05-23 11:41:33"/>
						<Specs>
							<Left Value="E:\svn_shis\db\game_all20150523114004.sql"/>
							<Right Value="E:\svn_shis\db\game_update.sql"/>
						</Specs>
					</TTextCompareSession>
					<TTextCompareSession Value="game_all20150518140836.sql %3C--%3E game_all20150521201730.sql">
						<LastModified Value="2015-05-21 20:31:32"/>
						<Specs>
							<Left Value="E:\svn_shis\db\game_all20150518140836.sql"/>
							<Right Value="E:\svn_shis\db\game_all20150521201730.sql"/>
						</Specs>
					</TTextCompareSession>
					<TPixCompareSession Value="180禁地之门.jpg %3C--%3E 禁地之门 拷贝.jpg">
						<LastModified Value="2015-05-19 21:18:39"/>
						<Specs>
							<Left Value="F:\资源\scene_禁地\180禁地之门.jpg"/>
							<Right Value="F:\资源\scene_禁地\禁地之门 拷贝.jpg"/>
						</Specs>
					</TPixCompareSession>
					<TTextCompareSession Value="game_all20150518140836.sql %3C--%3E game_update.sql">
						<LastModified Value="2015-05-18 20:46:10"/>
						<Specs>
							<Left Value="E:\svn_shis\db\game_all20150518140836.sql"/>
							<Right Value="E:\svn_shis\db\game_update.sql"/>
						</Specs>
					</TTextCompareSession>
					<TTextCompareSession Value="game1.php %3C--%3E Game.php">
						<LastModified Value="2015-05-16 14:52:38"/>
						<Specs>
							<Left Value="H:\BaiduYunDownload\纯净版(最高到主宰)\XYLY\Server\wwwroot\game1.php"/>
							<Right Value="E:\svn_shis\www_web\html\Game.php"/>
						</Specs>
					</TTextCompareSession>
					<TTextCompareSession Value="game_all_ly.sql %3C--%3E game_all.sql">
						<LastModified Value="2015-05-16 13:43:21"/>
						<LeftCodePageOverride Value="65001"/>
						<Specs>
							<Left Value="G:\svn_ly\liey\db\game_all_ly.sql"/>
							<Right Value="G:\svn_ly\liey\db\game_all.sql"/>
						</Specs>
					</TTextCompareSession>
					<TTextCompareSession Value="game_all_ly.sql %3C--%3E game_all.sql">
						<LastModified Value="2015-05-16 13:42:46"/>
						<Specs>
							<Left Value="G:\svn_ly\liey\db\game_all_ly.sql"/>
							<Right Value="G:\svn_ly\liey\db\game_all.sql"/>
						</Specs>
					</TTextCompareSession>
					<TTextCompareSession Value="game_all20150516123201.sql %3C--%3E game_update.sql">
						<LastModified Value="2015-05-16 12:32:21"/>
						<Specs>
							<Left Value="E:\svn_shis\db\game_all20150516123201.sql"/>
							<Right Value="E:\svn_shis\db\game_update.sql"/>
						</Specs>
					</TTextCompareSession>
					<TTextCompareSession Value="game_update.sql %3C--%3E game_all20150516123007.sql">
						<LastModified Value="2015-05-16 12:31:41"/>
						<Specs>
							<Left Value="E:\svn_shis\db\game_update.sql"/>
							<Right Value="E:\svn_shis\db\game_all20150516123007.sql"/>
						</Specs>
					</TTextCompareSession>
					<TTextCompareSession Value="game_all20150515184119.sql %3C--%3E game_update.sql">
						<LastModified Value="2015-05-15 18:43:01"/>
						<Specs>
							<Left Value="E:\svn_shis\db\game_all20150515184119.sql"/>
							<Right Value="E:\svn_shis\db\game_update.sql"/>
						</Specs>
					</TTextCompareSession>
					<TTextCompareSession Value="game_update.sql %3C--%3E game_all20150509135650.sql">
						<LastModified Value="2015-05-09 13:57:19"/>
						<Specs>
							<Left Value="E:\svn_shis\db\game_update.sql"/>
							<Right Value="E:\svn_shis\db\game_all20150509135650.sql"/>
						</Specs>
					</TTextCompareSession>
					<TTextCompareSession Value="game_all20150507171731.sql %3C--%3E game_all.sql">
						<LastModified Value="2015-05-07 21:08:00"/>
						<Specs>
							<Left Value="E:\svn_shis\db\game_all20150507171731.sql"/>
							<Right Value="E:\svn_shis\db\game_all.sql"/>
						</Specs>
					</TTextCompareSession>
					<TTextCompareSession Value="game_all20150507170403.sql %3C--%3E game_all.sql">
						<LastModified Value="2015-05-07 17:24:38"/>
						<Specs>
							<Left Value="E:\svn_shis\db\game_all20150507170403.sql"/>
							<Right Value="E:\svn_shis\db\game_all.sql"/>
						</Specs>
					</TTextCompareSession>
					<TTextCompareSession Value="game_all.sql %3C--%3E game_all20150507165751.sql">
						<LastModified Value="2015-05-07 17:03:58"/>
						<Specs>
							<Left Value="E:\svn_shis\db\game_all.sql"/>
							<Right Value="E:\svn_shis\db\game_all20150507165751.sql"/>
						</Specs>
					</TTextCompareSession>
					<TTextCompareSession Value="talk2061.lua %3C--%3E talk2071.lua">
						<LastModified Value="2015-05-07 14:19:28"/>
						<Specs>
							<Left Value="E:\svn_shis\server\GameServer\scripts\Npc\task20\talk2061.lua"/>
							<Right Value="E:\svn_shis\server\GameServer\scripts\Npc\task20\talk2071.lua"/>
						</Specs>
					</TTextCompareSession>
					<TTextCompareSession Value="game_all20150505102557.sql %3C--%3E game_update.sql">
						<LastModified Value="2015-05-05 10:26:26"/>
						<Specs>
							<Left Value="E:\svn_shis\db\game_all20150505102557.sql"/>
							<Right Value="E:\svn_shis\db\game_update.sql"/>
						</Specs>
					</TTextCompareSession>
					<TTextCompareSession Value="game_update.sql %3C--%3E game_all20150505094315.sql">
						<LastModified Value="2015-05-05 10:01:27"/>
						<Specs>
							<Left Value="E:\svn_shis\db\game_update.sql"/>
							<Right Value="E:\svn_shis\db\game_all20150505094315.sql"/>
						</Specs>
					</TTextCompareSession>
				</Items>
			</TSessionFolder>
			<TDirCompareSession>
				<Rules>
					<UseTimestampComparison Value="False"/>
				</Rules>
			</TDirCompareSession>
		</Items>
	</TSessionFolder>
</BCSessions>
