<?xml version="1.0" encoding="UTF-8"?>
<!-- Produced by Beyond Compare 3 from Scooter Software -->
<BCState>
	<TBcState>
		<FirstStartup Value="False"/>
		<FormPosStr Value="51;394;876;975;;120"/>
	</TBcState>
	<TBrowseState>
		<FormPosStr Value="652;202;1267;830;;120"/>
	</TBrowseState>
	<TCheckForUpdatesState>
		<Build Value="13298"/>
		<FormPosStr Value="526;298;913;571"/>
		<LastChecked Value="2011-04-28 14:21:40"/>
	</TCheckForUpdatesState>
	<TDirCompareState>
		<FormPosStr Value="871;390;1696;971;3;120"/>
		<LeftMRUSpecs>
			<_0 Value="G:\svn_pm\pmxx_01_yn\erlang\src"/>
			<_1 Value="G:\svn_pm\pmxx_01_yn\erlang\src\"/>
			<_2 Value="G:\svn_dp\gaygame\html"/>
			<_3 Value="G:\svn_dp\gaygame\yn2"/>
			<_4 Value="E:\svn_shis\scene"/>
			<_5 Value="G:\svn_atjm\atjm_server_code"/>
			<_6 Value="E:\svn_shis\www_web"/>
			<_7 Value="E:\110\天魔_古\5528\普通攻击"/>
			<_8 Value="E:\svn_tx\tiexuedh\backend-qd-v_1.0.svn_111824-2014-04-18_17-57-41\config"/>
		</LeftMRUSpecs>
		<RightMRUSpecs>
			<_0 Value="G:\svn_pm\pmxx\branches\01\erlang\src"/>
			<_1 Value="G:\svn_pm\pmxx_02\erlang\src\"/>
			<_2 Value="G:\svn_dp\36gaygame\html"/>
			<_3 Value="E:\svn_shis\flash\shisMapEditer\bin-debug\assets\scene"/>
			<_4 Value="G:\svn_atjm\atjm_server_work"/>
			<_5 Value="G:\svn_atjm\www_web"/>
			<_6 Value="E:\110\天魔_古\5528\普通攻击 - 副本"/>
			<_7 Value="E:\svn_tx\tiexuedh\c++\config_s\config"/>
			<_8 Value="E:\svn_tx\tiexuedh\c++\config_s"/>
		</RightMRUSpecs>
		<SessionFormPosStr Value="606;153;1313;878;;120"/>
	</TDirCompareState>
	<TFileFormatManagerState>
		<FormPosStr Value="400;114;1520;917;;120"/>
	</TFileFormatManagerState>
	<THexCompareState>
		<FormPosStr Value="30;30;1662;907;;120"/>
		<LeftMRUSpecs>
			<_0 Value="G:\svn_atjm\atjm_server_code\public\obj\Release\GameServer\ItemInterface.obj"/>
			<_1 Value="D:\source\erlangs\hsxy\ebin\gmcmd.beam"/>
			<_2 Value="D:\source\erlangs\hsxy\ebin\pp_trade.beam"/>
		</LeftMRUSpecs>
		<MRUFonts>
			<_0 Value="Consolas;10"/>
			<_1 Value="Courier New;9"/>
		</MRUFonts>
		<RightMRUSpecs>
			<_0 Value="G:\svn_atjm\atjm_server_work\public\obj\Release\GameServer\ItemInterface.obj"/>
			<_1 Value="D:\source\erlangs\复件 hsxy\ebin\gmcmd.beam"/>
			<_2 Value="D:\source\erlangs\复件 hsxy\ebin\pp_trade.beam"/>
		</RightMRUSpecs>
	</THexCompareState>
	<THomeState>
		<FormPosStr Value="51;394;876;975;;120"/>
		<SessionType Value="TTextCompareSession"/>
	</THomeState>
	<TMP3CompareState>
		<FormPosStr Value="55;336;1279;860"/>
		<MRUFonts>
			<_0 Value="微软雅黑;9;;1"/>
			<_1 Value="宋体;9;;1"/>
		</MRUFonts>
	</TMP3CompareState>
	<TOpCompareResultsState>
		<FormPosStr Value="542;263;898;607"/>
	</TOpCompareResultsState>
	<TOpCompareState>
		<Kind Value="ccCRC32"/>
		<ShowResultsDlg Value="True"/>
	</TOpCompareState>
	<TPixCompareState>
		<FormPosStr Value="172;425;997;1006;;120"/>
		<LeftMRUSpecs>
			<_0 Value="F:\资源\scene_single\通天塔楼单人副本2.jpg"/>
			<_1 Value="F:\资源\scene_禁地\181生死门.jpg"/>
			<_2 Value="E:\svn_shis\美术\角色\人物模型\弑沙_21001\挖\上\008.png"/>
			<_3 Value="G:\svn_atxm\美术\广州美术\npc和怪物\怪\天魔_怪-古\221\走路\101200.png"/>
			<_4 Value="G:\svn_atxm\美术\广州美术\npc和怪物\怪\天魔_怪-古\221\走路\101100.png"/>
			<_5 Value="G:\svn_atxm\美术\广州美术\npc和怪物\怪\天魔_怪-古\221\走路\101400.png"/>
			<_6 Value="G:\svn_atxm\美术\广州美术\npc和怪物\怪\天魔_怪-古\221\走路\101300.png"/>
			<_7 Value="F:\资源\scene_main\中州城\中州城.jpg"/>
			<_8 Value="F:\资源\scene_禁地\180禁地之门.jpg"/>
		</LeftMRUSpecs>
		<RightMRUSpecs>
			<_0 Value="F:\资源\scene_single\通天塔楼单人副本.jpg"/>
			<_1 Value="F:\资源\scene_禁地\181生死门2.jpg"/>
			<_2 Value="F:\资源\scene_禁地\181生死门.jpg"/>
			<_3 Value="E:\svn_shis\美术\角色\挖删帧人物模型\弑沙_21001\挖\上\001.png"/>
			<_4 Value="E:\svn_shis\美术\角色\挖删帧人物模型\弑沙_21001\挖\上\002.png"/>
			<_5 Value="G:\svn_atxm\美术\广州美术\npc和怪物\怪\天魔_怪-古\221\走路\101500.png"/>
			<_6 Value="G:\svn_atxm\美术\广州美术\npc和怪物\怪\天魔_怪-古\221\走路\101800.png"/>
			<_7 Value="G:\svn_atxm\美术\广州美术\npc和怪物\怪\天魔_怪-古\221\走路\101700.png"/>
			<_8 Value="G:\svn_atxm\美术\广州美术\npc和怪物\怪\天魔_怪-古\221\走路\101100.png"/>
		</RightMRUSpecs>
		<ZoomFactor Value="10"/>
	</TPixCompareState>
	<TRegCompareState>
		<MRUFonts>
			<_0 Value="宋体;9;;1"/>
		</MRUFonts>
	</TRegCompareState>
	<TTextCompareState>
		<FormPosStr Value="51;394;876;975;3;120"/>
		<LeftMRUSpecs>
			<_0 Value="G:\svn_shiszhanshen\db\game_all.sql"/>
			<_1 Value="G:\svn_atxm\db\union_noguild_tx_2.sql"/>
			<_2 Value="G:\svn_tx_yxml\db\union_noguild_tx.sql"/>
			<_3 Value="G:\svn_atxm\db\union_noguild_tx.sql"/>
			<_4 Value="G:\svn_shiszhanshen\db\game_update.sql"/>
			<_5 Value="E:\svn_shis\flash\shisMapEditer\bin-debug\assets\scene\421_镇妖塔\00272_mapMgr.ini"/>
			<_6 Value="E:\svn_shis\flash\shisMapEditer\bin-debug\assets\scene\401_幻境\00271_mapMgr.ini"/>
			<_7 Value="E:\svn_shis\db\game_update.sql"/>
			<_8 Value="E:\svn_shis\db\game_all20160112191445.sql"/>
		</LeftMRUSpecs>
		<MRUFonts>
			<_0 Value="Consolas;10"/>
			<_1 Value="Courier New;9"/>
		</MRUFonts>
		<RightMRUSpecs>
			<_0 Value="G:\svn_shiszhanshen\db\game_update.sql"/>
			<_1 Value="G:\svn_atxm\db\union_noguild_tx.sql"/>
			<_2 Value="G:\svn_tx_yxml\db\union_noguild_tx_2.sql"/>
			<_3 Value="G:\svn_atxm\db\union_noguild.sql"/>
			<_4 Value="G:\svn_shiszhanshen\db\game_all20160125120000.sql"/>
			<_5 Value="E:\svn_shis\flash\shisMapEditer\bin-debug\assets\scene\421_镇妖塔\00421_mapMgr.ini"/>
			<_6 Value="E:\svn_shis\flash\shisMapEditer\bin-debug\assets\scene\401_幻境\00401_mapMgr.ini"/>
			<_7 Value="E:\svn_shis\db\game_all20160113104556.sql"/>
			<_8 Value="E:\svn_shis\db\game_update.sql"/>
		</RightMRUSpecs>
		<SessionFormPosStr Value="606;153;1313;878;;120"/>
		<ShowItemNum Value="True"/>
	</TTextCompareState>
	<TTextEditState>
		<FormPosStr Value="66;87;1290;826"/>
		<LeftMRUSpecs>
			<_0 Value="D:\svn_xsx\erlangs\xsx_dev.sql"/>
		</LeftMRUSpecs>
		<MRUFonts>
			<_0 Value="Courier New;9"/>
		</MRUFonts>
	</TTextEditState>
	<TTextFindState>
		<CurSideOnly Value="False"/>
		<FindItems>
			<_0 Value="playermagics"/>
			<_1 Value="itemb"/>
			<_2 Value="jump"/>
			<_3 Value="seven"/>
			<_4 Value="war_"/>
			<_5 Value="war"/>
			<_6 Value="magic`"/>
			<_7 Value="predDone"/>
			<_8 Value="dep"/>
		</FindItems>
		<ReplaceItems>
			<_0/>
			<_1 Value="\n"/>
			<_2 Value="Đỉnh "/>
			<_3 Value="\%22"/>
			<_4 Value="\\"/>
			<_5 Value="\"/>
			<_6 Value="123"/>
		</ReplaceItems>
		<Wrap Value="True"/>
	</TTextFindState>
	<TTextInfoState>
		<FormPosStr Value="435;193;1004;666"/>
	</TTextInfoState>
	<TTextReportState>
		<Layout Value="layoutXML"/>
	</TTextReportState>
</BCState>
